Sample_name;Number_of_read-pairs;Yield_in_mbp;Average_quality;Number_of_paired-reads;Percent-paired
e4012511305_NBCLAB2830_UPG77_rf4_Cal1_EG005_C_C1_EG005_6_72445_2_ACTCGCTAGTAAGGAG_L001_merged_trimmed_filtered;73815;43;36.51;;
e4012511305_NBCLAB2830_UPG77_rf4_Cal1_EG006_D_G2_EG005_6_72445_108_GGAGCTACGAGCCTTA_L001_merged_trimmed_filtered;18711;11;36.55;;
e4012511308_NBCLAB2902_UPG84_sand3_Ope8_EG006_D_G4_EG005_6_72445_124_CGGAGCCTGAGCCTTA_L001_merged_trimmed_filtered;107094;63;36.5;;
e4012511311_NBCLAB2926_UPG94_rf3_Mar7_EG005_C_D2_EG005_6_72445_11_GGAGCTACACTGCATA_L001_merged_trimmed_filtered;80508;42;36.09;;
e4012511311_NBCLAB2926_UPG94_rf3_Mar7_EG006_D_C7_EG005_6_72445_144_TAGCGCTCCCTAGAGT_L001_merged_trimmed_filtered;4063;2;36.27;;
e4012511312_NBCLAB2934_UPG78_21_Amp1_EG005_C_H2_EG005_6_72445_15_GGAGCTACTCTCTCCG_L001_merged_trimmed_filtered;43981;22;35.59;;
e4012511313_NBCLAB2942_UPG78_21_Amp9_EG006_D_E8_EG005_6_72445_154_ACTGAGCGCTATTAAG_L001_merged_trimmed_filtered;111544;64;36.5;;
e4012511317_NBCLAB2831_UPG77_rf4_Cal2_EG005_C_D1_EG005_6_72445_3_ACTCGCTAACTGCATA_L001_merged_trimmed_filtered;51141;30;36.44;;
e4012511317_NBCLAB2831_UPG77_rf4_Cal2_EG006_D_H2_EG005_6_72445_109_GGAGCTACTTATGCGA_L001_merged_trimmed_filtered;93636;55;36.54;;
e4012511318_NBCLAB2887_UPG77_rf4_Cal4_EG005_C_H1_EG005_6_72445_7_ACTCGCTATCTCTCCG_L001_merged_trimmed_filtered;50250;29;36.35;;
e4012511318_NBCLAB2887_UPG77_rf4_Cal4_EG006_D_D3_EG005_6_72445_113_GCGTAGTAGCGTAAGA_L001_merged_trimmed_filtered;83087;49;36.05;;
e4012511320_NBCLAB2903_UPG84_sand3_Ope9_EG006_D_H4_EG005_6_72445_125_CGGAGCCTTTATGCGA_L001_merged_trimmed_filtered;102239;61;36.48;;
e4012511321_NBCLAB2911_UPG84_sand2_Alv6_EG006_D_F5_EG005_6_72445_131_TACGCTGCAAGGCTAT_L001_merged_trimmed_filtered;13288;7;36.42;;
e4012511322_NBCLAB2919_UPG84_sand2_Alv14_EG006_D_D6_EG005_6_72445_137_ATGCGCAGGCGTAAGA_L001_merged_trimmed_filtered;12704;7;36.25;;
e4012511323_NBCLAB2927_UPG94_rf3_Mar8_EG005_C_E2_EG005_6_72445_12_GGAGCTACAAGGAGTA_L001_merged_trimmed_filtered;52468;31;36.32;;
e4012511323_NBCLAB2927_UPG94_rf3_Mar8_EG006_D_D7_EG005_6_72445_145_TAGCGCTCGCGTAAGA_L001_merged_trimmed_filtered;17960;10;36.25;;
e4012511329_NBCLAB2832_UPG77_rf4_Cal3_EG005_C_E1_EG005_6_72445_4_ACTCGCTAAAGGAGTA_L001_merged_trimmed_filtered;92943;54;36.37;;
e4012511329_NBCLAB2832_UPG77_rf4_Cal3_EG006_D_A3_EG005_6_72445_110_GCGTAGTATCGACTAG_L001_merged_trimmed_filtered;89613;53;36.44;;
e4012511330_NBCLAB2888_UPG77_rf4_Cal5_EG005_C_A2_EG005_6_72445_8_GGAGCTACCTCTCTAT_L001_merged_trimmed_filtered;67076;39;36.56;;
e4012511330_NBCLAB2888_UPG77_rf4_Cal5_EG006_D_E3_EG005_6_72445_114_GCGTAGTACTATTAAG_L001_merged_trimmed_filtered;108219;64;36.55;;
e4012511333_NBCLAB2912_UPG84_sand2_Alv7_EG006_D_G5_EG005_6_72445_132_TACGCTGCGAGCCTTA_L001_merged_trimmed_filtered;39940;23;36.48;;
e4012511334_NBCLAB2920_UPG94_rf3_Mar1_EG006_D_E6_EG005_6_72445_138_ATGCGCAGCTATTAAG_L001_merged_trimmed_filtered;85189;50;36.3;;
e4012511335_NBCLAB2928_UPG94_rf3_Mar9_EG005_C_F2_EG005_6_72445_13_GGAGCTACCTAAGCCT_L001_merged_trimmed_filtered;56139;33;36.29;;
e4012511335_NBCLAB2928_UPG94_rf3_Mar9_EG006_D_E7_EG005_6_72445_146_TAGCGCTCCTATTAAG_L001_merged_trimmed_filtered;75945;44;36.41;;
e4012511336_NBCLAB2936_UPG78_21_Amp3_EG006_D_A8_EG005_6_72445_150_ACTGAGCGTCGACTAG_L001_merged_trimmed_filtered;109472;62;36.43;;
e4012511341_NBCLAB2833_UPG84_sand3_Ope1_EG005_C_F1_EG005_6_72445_5_ACTCGCTACTAAGCCT_L001_merged_trimmed_filtered;85298;42;36.17;;
e4012511341_NBCLAB2833_UPG84_sand3_Ope1_EG006_D_B3_EG005_6_72445_111_GCGTAGTATTCTAGCT_L001_merged_trimmed_filtered;79322;46;36.4;;
e4012511342_NBCLAB2889_UPG77_rf4_Cal6_EG006_D_F3_EG005_6_72445_115_GCGTAGTAAAGGCTAT_L001_merged_trimmed_filtered;12119;7;36.44;;
e4012511343_NBCLAB2897_UPG77_rf4_Cal14_EG006_D_C4_EG005_6_72445_120_CGGAGCCTCCTAGAGT_L001_merged_trimmed_filtered;74836;44;36.54;;
e4012511344_NBCLAB2905_UPG84_sand2_Ope11_EG006_D_A5_EG005_6_72445_126_TACGCTGCTCGACTAG_L001_merged_trimmed_filtered;73897;44;36.46;;
e4012511345_NBCLAB2913_UPG84_sand2_Alv8_EG006_D_H5_EG005_6_72445_133_TACGCTGCTTATGCGA_L001_merged_trimmed_filtered;102129;60;36.43;;
e4012511346_NBCLAB2921_UPG94_rf3_Mar2_EG006_D_F6_EG005_6_72445_139_ATGCGCAGAAGGCTAT_L001_merged_trimmed_filtered;95501;54;36.17;;
e4012511354_NBCLAB2890_UPG77_rf4_Cal7_EG005_C_B2_EG005_6_72445_9_GGAGCTACTATCCTCT_L001_merged_trimmed_filtered;74389;44;36.36;;
e4012511354_NBCLAB2890_UPG77_rf4_Cal7_EG006_D_G3_EG005_6_72445_116_GCGTAGTAGAGCCTTA_L001_merged_trimmed_filtered;18248;10;36.25;;
e4012511355_NBCLAB2898_UPG84_sand3_Ope4_EG006_D_D4_EG005_6_72445_121_CGGAGCCTGCGTAAGA_L001_merged_trimmed_filtered;84317;50;36.44;;
e4012511356_NBCLAB2906_UPG84_sand2_Ope12_EG005_C_A1_EG005_6_72445_0_ACTCGCTACTCTCTAT_L001_merged_trimmed_filtered;47205;27;36.43;;
e4012511356_NBCLAB2906_UPG84_sand2_Ope12_EG005_C_E6_EG005_6_72445_44_ATGCGCAGAAGGAGTA_L001_merged_trimmed_filtered;67829;40;36.37;;
e4012511356_NBCLAB2906_UPG84_sand2_Ope12_EG005_C_G3_EG005_6_72445_22_GCGTAGTACGTCTAAT_L001_merged_trimmed_filtered;65217;38;36.27;;
e4012511356_NBCLAB2906_UPG84_sand2_Ope12_EG006_D_B5_EG005_6_72445_127_TACGCTGCTTCTAGCT_L001_merged_trimmed_filtered;78618;46;36.46;;
e4012511357_NBCLAB2914_UPG84_sand2_Alv9_EG006_D_A6_EG005_6_72445_134_ATGCGCAGTCGACTAG_L001_merged_trimmed_filtered;4580;2;36.33;;
e4012511358_NBCLAB2922_UPG94_rf3_Mar3_EG006_D_G6_EG005_6_72445_140_ATGCGCAGGAGCCTTA_L001_merged_trimmed_filtered;22814;13;36.18;;
e4012511361_NBCLAB2946_UPG78_21_Amp13_EG006_D_F8_EG005_6_72445_155_ACTGAGCGAAGGCTAT_L001_merged_trimmed_filtered;112472;66;36.51;;
e4012511365_NBCLAB2835_UPG84_sand3_Ope3_EG005_C_G1_EG005_6_72445_6_ACTCGCTACGTCTAAT_L001_merged_trimmed_filtered;96883;51;36.3;;
e4012511365_NBCLAB2835_UPG84_sand3_Ope3_EG006_D_C3_EG005_6_72445_112_GCGTAGTACCTAGAGT_L001_merged_trimmed_filtered;83344;49;36.41;;
e4012511366_NBCLAB2891_UPG77_rf4_Cal8_EG006_D_H3_EG005_6_72445_117_GCGTAGTATTATGCGA_L001_merged_trimmed_filtered;80606;48;36.33;;
e4012511368_NBCLAB2907_UPG84_sand2_Ope13_EG006_D_C5_EG005_6_72445_128_TACGCTGCCCTAGAGT_L001_merged_trimmed_filtered;8117;4;36.41;;
e4012511369_NBCLAB2915_UPG84_sand2_Alv10_EG006_D_B6_EG005_6_72445_135_ATGCGCAGTTCTAGCT_L001_merged_trimmed_filtered;96294;57;36.41;;
e4012511370_NBCLAB2923_UPG94_rf3_Mar4_EG006_D_H6_EG005_6_72445_141_ATGCGCAGTTATGCGA_L001_merged_trimmed_filtered;99132;58;36.2;;
e4012511371_NBCLAB2931_UPG94_rf3_Mar12_EG005_C_G2_EG005_6_72445_14_GGAGCTACCGTCTAAT_L001_merged_trimmed_filtered;62432;37;36.16;;
e4012511371_NBCLAB2931_UPG94_rf3_Mar12_EG006_D_F7_EG005_6_72445_147_TAGCGCTCAAGGCTAT_L001_merged_trimmed_filtered;85691;51;36.27;;
e4012511372_NBCLAB2939_UPG78_21_Amp6_EG006_D_B8_EG005_6_72445_151_ACTGAGCGTTCTAGCT_L001_merged_trimmed_filtered;106572;62;36.49;;
e4012511373_NBCLAB2947_UPG78_21_Amp14_EG005_C_B1_EG005_6_72445_1_ACTCGCTATATCCTCT_L001_merged_trimmed_filtered;69064;41;36.52;;
e4012511373_NBCLAB2947_UPG78_21_Amp14_EG006_D_G8_EG005_6_72445_156_ACTGAGCGGAGCCTTA_L001_merged_trimmed_filtered;125690;74;36.5;;
e4012511378_NBCLAB2892_UPG77_rf4_Cal9_EG006_D_A4_EG005_6_72445_118_CGGAGCCTTCGACTAG_L001_merged_trimmed_filtered;7626;4;36.49;;
e4012511379_NBCLAB2900_UPG84_sand3_Ope6_EG006_D_E4_EG005_6_72445_122_CGGAGCCTCTATTAAG_L001_merged_trimmed_filtered;5993;3;36.45;;
e4012511380_NBCLAB2908_UPG84_sand2_Ope14_EG006_D_D5_EG005_6_72445_129_TACGCTGCGCGTAAGA_L001_merged_trimmed_filtered;78793;47;36.23;;
e4012511381_NBCLAB2916_UPG84_sand2_Alv11_EG006_D_C6_EG005_6_72445_136_ATGCGCAGCCTAGAGT_L001_merged_trimmed_filtered;77799;45;36.36;;
e4012511382_NBCLAB2924_UPG94_rf3_Mar5_EG006_D_A7_EG005_6_72445_142_TAGCGCTCTCGACTAG_L001_merged_trimmed_filtered;66338;39;36.12;;
e4012511383_NBCLAB2932_UPG94_rf3_Mar13_EG006_D_G7_EG005_6_72445_148_TAGCGCTCGAGCCTTA_L001_merged_trimmed_filtered;21836;13;36.25;;
e4012511384_NBCLAB2940_UPG78_21_Amp7_EG006_D_C8_EG005_6_72445_152_ACTGAGCGCCTAGAGT_L001_merged_trimmed_filtered;68680;38;36.43;;
e4012511390_NBCLAB2893_UPG77_rf4_Cal10_EG006_D_B4_EG005_6_72445_119_CGGAGCCTTTCTAGCT_L001_merged_trimmed_filtered;94656;56;36.56;;
e4012511391_NBCLAB2901_UPG84_sand3_Ope7_EG006_D_F4_EG005_6_72445_123_CGGAGCCTAAGGCTAT_L001_merged_trimmed_filtered;10346;6;36.44;;
e4012511392_NBCLAB2909_UPG84_sand2_Alv4_EG006_D_E5_EG005_6_72445_130_TACGCTGCCTATTAAG_L001_merged_trimmed_filtered;41941;24;36.47;;
e4012511394_NBCLAB2925_UPG94_rf3_Mar6_EG005_C_C2_EG005_6_72445_10_GGAGCTACGTAAGGAG_L001_merged_trimmed_filtered;52242;31;36.34;;
e4012511394_NBCLAB2925_UPG94_rf3_Mar6_EG006_D_B7_EG005_6_72445_143_TAGCGCTCTTCTAGCT_L001_merged_trimmed_filtered;69422;41;36.34;;
e4012511395_NBCLAB2933_UPG94_rf3_Mar14_EG006_D_H7_EG005_6_72445_149_TAGCGCTCTTATGCGA_L001_merged_trimmed_filtered;91612;54;36.28;;
e4012511396_NBCLAB2941_UPG78_21_Amp8_EG006_D_D8_EG005_6_72445_153_ACTGAGCGGCGTAAGA_L001_merged_trimmed_filtered;28995;16;36.42;;
e4032057136_NBCLAB3471_UPG78_rf3_for1_EG005_C_A3_EG005_6_72445_16_GCGTAGTACTCTCTAT_L001_merged_trimmed_filtered;49426;29;36.26;;
e4032057136_NBCLAB3471_UPG78_rf3_for1_EG006_D_H8_EG005_6_72445_157_ACTGAGCGTTATGCGA_L001_merged_trimmed_filtered;92472;55;36.28;;
e4032057138_NBCLAB3487_UPG71_33_for17_EG006_D_E10_EG005_6_72445_170_CGATCAGTCTATTAAG_L001_merged_trimmed_filtered;76304;45;36.45;;
e4032057140_NBCLAB3503_UPG80_rf1_for33_EG005_C_G4_EG005_6_72445_30_CGGAGCCTCGTCTAAT_L001_merged_trimmed_filtered;68510;40;36.55;;
e4032057141_NBCLAB3511_UPG84_sand2_for41_EG005_C_G5_EG005_6_72445_38_TACGCTGCCGTCTAAT_L001_merged_trimmed_filtered;71502;42;36.45;;
e4032057142_NBCLAB3519_UPG84_sand2_for49_EG005_C_F6_EG005_6_72445_45_ATGCGCAGCTAAGCCT_L001_merged_trimmed_filtered;58902;34;36.33;;
e4032057143_NBCLAB3917_Zoo_tank1_hete7_EG005_C_F12_EG005_6_72445_93_TCGACGTCCTAAGCCT_L001_merged_trimmed_filtered;49365;29;36.45;;
e4032057143_NBCLAB3917_Zoo_tank1_hete7_EG005_C_F7_EG005_6_72445_53_TAGCGCTCCTAAGCCT_L001_merged_trimmed_filtered;52739;31;36.42;;
e4032057148_NBCLAB3472_UPG78_rf3_for2_EG005_C_B3_EG005_6_72445_17_GCGTAGTATATCCTCT_L001_merged_trimmed_filtered;46916;26;36.16;;
e4032057148_NBCLAB3472_UPG78_rf3_for2_EG006_D_A9_EG005_6_72445_158_CCTAAGACTCGACTAG_L001_merged_trimmed_filtered;88442;52;36.17;;
e4032057150_NBCLAB3488_UPG71_33_for18_EG006_D_F10_EG005_6_72445_171_CGATCAGTAAGGCTAT_L001_merged_trimmed_filtered;5844;3;36.37;;
e4032057151_NBCLAB3496_UPG71_rf4_for26_EG005_C_H3_EG005_6_72445_23_GCGTAGTATCTCTCCG_L001_merged_trimmed_filtered;42630;25;36.25;;
e4032057152_NBCLAB3504_UPG80_rf1_for34_EG005_C_H4_EG005_6_72445_31_CGGAGCCTTCTCTCCG_L001_merged_trimmed_filtered;56194;33;36.4;;
e4032057154_NBCLAB3520_UPG84_sand2_for50_EG005_C_G6_EG005_6_72445_46_ATGCGCAGCGTCTAAT_L001_merged_trimmed_filtered;73227;41;36.32;;
e4032057155_NBCLAB3918_Zoo_tank1_hete8_EG005_C_G7_EG005_6_72445_54_TAGCGCTCCGTCTAAT_L001_merged_trimmed_filtered;56278;33;36.48;;
e4032057160_NBCLAB3473_UPG78_rf3_for3_EG005_C_C3_EG005_6_72445_18_GCGTAGTAGTAAGGAG_L001_merged_trimmed_filtered;55164;32;36.13;;
e4032057160_NBCLAB3473_UPG78_rf3_for3_EG006_D_B9_EG005_6_72445_159_CCTAAGACTTCTAGCT_L001_merged_trimmed_filtered;79834;47;36.22;;
e4032057161_NBCLAB3481_UPG71_33_for11_EG006_D_G9_EG005_6_72445_164_CCTAAGACGAGCCTTA_L001_merged_trimmed_filtered;88056;51;36.42;;
e4032057162_NBCLAB3489_UPG71_33_for19_EG006_D_G10_EG005_6_72445_172_CGATCAGTGAGCCTTA_L001_merged_trimmed_filtered;79405;47;36.4;;
e4032057163_NBCLAB3497_UPG71_rf4_for27_EG005_C_A4_EG005_6_72445_24_CGGAGCCTCTCTCTAT_L001_merged_trimmed_filtered;58506;35;36.39;;
e4032057164_NBCLAB3505_UPG80_rf1_for35_EG005_C_A5_EG005_6_72445_32_TACGCTGCCTCTCTAT_L001_merged_trimmed_filtered;34861;20;36.54;;
e4032057166_NBCLAB3911_Zoo_tank1_hete1_EG005_C_H6_EG005_6_72445_47_ATGCGCAGTCTCTCCG_L001_merged_trimmed_filtered;57834;34;36.44;;
e4032057167_NBCLAB3919_Zoo_tank1_hete9_EG005_C_H7_EG005_6_72445_55_TAGCGCTCTCTCTCCG_L001_merged_trimmed_filtered;54980;32;36.48;;
e4032057172_NBCLAB3474_UPG78_rf3_for4_EG005_C_D3_EG005_6_72445_19_GCGTAGTAACTGCATA_L001_merged_trimmed_filtered;48656;28;36.11;;
e4032057172_NBCLAB3474_UPG78_rf3_for4_EG006_D_C9_EG005_6_72445_160_CCTAAGACCCTAGAGT_L001_merged_trimmed_filtered;67347;40;36.13;;
e4032057173_NBCLAB3482_UPG71_33_for12_EG006_D_H9_EG005_6_72445_165_CCTAAGACTTATGCGA_L001_merged_trimmed_filtered;9419;5;36.3;;
e4032057174_NBCLAB3490_UPG71_33_for20_EG006_D_H10_EG005_6_72445_173_CGATCAGTTTATGCGA_L001_merged_trimmed_filtered;75109;45;36.38;;
e4032057175_NBCLAB3498_UPG71_rf4_for28_EG005_C_B4_EG005_6_72445_25_CGGAGCCTTATCCTCT_L001_merged_trimmed_filtered;41110;24;36.37;;
e4032057176_NBCLAB3506_UPG80_rf1_for36_EG005_C_B5_EG005_6_72445_33_TACGCTGCTATCCTCT_L001_merged_trimmed_filtered;48730;29;36.54;;
e4032057177_NBCLAB3514_UPG84_sand2_for44_EG005_C_H5_EG005_6_72445_39_TACGCTGCTCTCTCCG_L001_merged_trimmed_filtered;59711;35;36.42;;
e4032057178_NBCLAB3912_Zoo_tank1_hete2_EG005_C_A7_EG005_6_72445_48_TAGCGCTCCTCTCTAT_L001_merged_trimmed_filtered;55871;33;36.53;;
e4032057179_NBCLAB3920_Zoo_tank1_hete10_EG005_C_A8_EG005_6_72445_56_ACTGAGCGCTCTCTAT_L001_merged_trimmed_filtered;60555;35;36.49;;
e4032057184_NBCLAB3475_UPG78_rf3_for5_EG006_D_D9_EG005_6_72445_161_CCTAAGACGCGTAAGA_L001_merged_trimmed_filtered;87503;51;36.09;;
e4032057185_NBCLAB3483_UPG71_33_for13_EG006_D_A10_EG005_6_72445_166_CGATCAGTTCGACTAG_L001_merged_trimmed_filtered;78184;46;36.47;;
e4032057186_NBCLAB3491_UPG71_33_for21_EG006_D_A11_EG005_6_72445_174_TGCAGCTATCGACTAG_L001_merged_trimmed_filtered;88422;52;36.39;;
e4032057187_NBCLAB3499_UPG71_rf4_for29_EG005_C_C4_EG005_6_72445_26_CGGAGCCTGTAAGGAG_L001_merged_trimmed_filtered;161823;96;36.34;;
e4032057188_NBCLAB3507_UPG80_rf1_for37_EG005_C_C5_EG005_6_72445_34_TACGCTGCGTAAGGAG_L001_merged_trimmed_filtered;47648;28;36.47;;
e4032057189_NBCLAB3515_UPG84_sand2_for45_EG005_C_A6_EG005_6_72445_40_ATGCGCAGCTCTCTAT_L001_merged_trimmed_filtered;66739;39;36.42;;
e4032057190_NBCLAB3913_Zoo_tank1_hete3_EG005_C_B7_EG005_6_72445_49_TAGCGCTCTATCCTCT_L001_merged_trimmed_filtered;58306;34;36.55;;
e4032057196_NBCLAB3476_UPG78_rf3_for6_EG005_C_E3_EG005_6_72445_20_GCGTAGTAAAGGAGTA_L001_merged_trimmed_filtered;58341;34;35.89;;
e4032057196_NBCLAB3476_UPG78_rf3_for6_EG006_D_E9_EG005_6_72445_162_CCTAAGACCTATTAAG_L001_merged_trimmed_filtered;34777;20;36.1;;
e4032057197_NBCLAB3484_UPG71_33_for14_EG006_D_B10_EG005_6_72445_167_CGATCAGTTTCTAGCT_L001_merged_trimmed_filtered;3766;2;36.2;;
e4032057198_NBCLAB3492_UPG71_33_for22_EG006_D_B11_EG005_6_72445_175_TGCAGCTATTCTAGCT_L001_merged_trimmed_filtered;78649;46;36.4;;
e4032057199_NBCLAB3500_UPG71_rf4_for30_EG005_C_D4_EG005_6_72445_27_CGGAGCCTACTGCATA_L001_merged_trimmed_filtered;36983;22;36.29;;
e4032057200_NBCLAB3508_UPG80_rf1_for38_EG005_C_D5_EG005_6_72445_35_TACGCTGCACTGCATA_L001_merged_trimmed_filtered;60261;35;36.41;;
e4032057201_NBCLAB3516_UPG84_sand2_for46_EG005_C_B6_EG005_6_72445_41_ATGCGCAGTATCCTCT_L001_merged_trimmed_filtered;83620;49;36.43;;
e4032057202_NBCLAB3914_Zoo_tank1_hete4_EG005_C_C7_EG005_6_72445_50_TAGCGCTCGTAAGGAG_L001_merged_trimmed_filtered;45700;27;36.51;;
e4032057209_NBCLAB3485_UPG71_33_for15_EG006_D_C10_EG005_6_72445_168_CGATCAGTCCTAGAGT_L001_merged_trimmed_filtered;80120;47;36.38;;
e4032057211_NBCLAB3501_UPG80_rf1_for31_EG005_C_E4_EG005_6_72445_28_CGGAGCCTAAGGAGTA_L001_merged_trimmed_filtered;60323;36;36.53;;
e4032057212_NBCLAB3509_UPG80_rf1_for39_EG005_C_E5_EG005_6_72445_36_TACGCTGCAAGGAGTA_L001_merged_trimmed_filtered;57400;34;36.41;;
e4032057213_NBCLAB3517_UPG84_sand2_for47_EG005_C_C6_EG005_6_72445_42_ATGCGCAGGTAAGGAG_L001_merged_trimmed_filtered;55080;32;36.34;;
e4032057214_NBCLAB3915_Zoo_tank1_hete5_EG005_C_D7_EG005_6_72445_51_TAGCGCTCACTGCATA_L001_merged_trimmed_filtered;60596;36;36.47;;
e4032057214_NBCLAB3915_Zoo_tank1_hete5_EG006_D_F2_EG005_6_72445_107_GGAGCTACAAGGCTAT_L001_merged_trimmed_filtered;41157;24;36.52;;
e4032057220_NBCLAB3478_UPG78_rf3_for8_EG005_C_F3_EG005_6_72445_21_GCGTAGTACTAAGCCT_L001_merged_trimmed_filtered;60455;36;36.18;;
e4032057220_NBCLAB3478_UPG78_rf3_for8_EG006_D_F9_EG005_6_72445_163_CCTAAGACAAGGCTAT_L001_merged_trimmed_filtered;66683;39;36.2;;
e4032057221_NBCLAB3486_UPG71_33_for16_EG006_D_D10_EG005_6_72445_169_CGATCAGTGCGTAAGA_L001_merged_trimmed_filtered;18379;10;36.33;;
e4032057222_NBCLAB3494_UPG71_rf4_for24_EG006_D_C11_EG005_6_72445_176_TGCAGCTACCTAGAGT_L001_merged_trimmed_filtered;11027;6;36.3;;
e4032057223_NBCLAB3502_UPG80_rf1_for32_EG005_C_F4_EG005_6_72445_29_CGGAGCCTCTAAGCCT_L001_merged_trimmed_filtered;59665;35;36.44;;
e4032057224_NBCLAB3510_UPG80_rf1_for40_EG005_C_F5_EG005_6_72445_37_TACGCTGCCTAAGCCT_L001_merged_trimmed_filtered;54372;32;36.44;;
e4032057225_NBCLAB3518_UPG84_sand2_for48_EG005_C_D6_EG005_6_72445_43_ATGCGCAGACTGCATA_L001_merged_trimmed_filtered;56794;33;36.24;;
e4032057226_NBCLAB3916_Zoo_tank1_hete6_EG005_C_E10_EG005_6_72445_76_CGATCAGTAAGGAGTA_L001_merged_trimmed_filtered;40904;24;36.48;;
e4032057226_NBCLAB3916_Zoo_tank1_hete6_EG005_C_E7_EG005_6_72445_52_TAGCGCTCAAGGAGTA_L001_merged_trimmed_filtered;55611;33;36.48;;
e4057165205_NBCLAB3702_UPG93_rf3_for9_EG005_C_E8_EG005_6_72445_60_ACTGAGCGAAGGAGTA_L001_merged_trimmed_filtered;70814;42;36.14;;
e4057165206_NBCLAB3710_UPG90_sand3_for17_EG005_C_E9_EG005_6_72445_68_CCTAAGACAAGGAGTA_L001_merged_trimmed_filtered;61148;34;35.91;;
e4057165207_NBCLAB3718_UPG90_sand3_for25_EG005_C_F10_EG005_6_72445_77_CGATCAGTCTAAGCCT_L001_merged_trimmed_filtered;61077;36;36.39;;
e4057165208_NBCLAB3726_UPG90_sand2_for33_EG005_C_F11_EG005_6_72445_85_TGCAGCTACTAAGCCT_L001_merged_trimmed_filtered;57715;34;36.37;;
e4057165210_NBCLAB3742_UPG90_sand2_for49_EG006_D_A1_EG005_6_72445_94_ACTCGCTATCGACTAG_L001_merged_trimmed_filtered;77842;46;36.5;;
e4057165211_NBCLAB3750_UPG78_rf3_for57_EG006_D_F1_EG005_6_72445_99_ACTCGCTAAAGGCTAT_L001_merged_trimmed_filtered;25222;15;36.34;;
e4057165217_NBCLAB3703_UPG93_rf3_for10_EG005_C_F8_EG005_6_72445_61_ACTGAGCGCTAAGCCT_L001_merged_trimmed_filtered;73601;43;36.22;;
e4057165218_NBCLAB3711_UPG90_sand3_for18_EG005_C_F9_EG005_6_72445_69_CCTAAGACCTAAGCCT_L001_merged_trimmed_filtered;64486;38;36.25;;
e4057165219_NBCLAB3719_UPG90_sand3_for26_EG005_C_G10_EG005_6_72445_78_CGATCAGTCGTCTAAT_L001_merged_trimmed_filtered;55156;32;36.44;;
e4057165220_NBCLAB3727_UPG90_sand2_for34_EG005_C_G11_EG005_6_72445_86_TGCAGCTACGTCTAAT_L001_merged_trimmed_filtered;50659;30;36.45;;
e4057165222_NBCLAB3743_UPG90_sand2_for50_EG006_D_B1_EG005_6_72445_95_ACTCGCTATTCTAGCT_L001_merged_trimmed_filtered;81702;47;36.48;;
e4057165223_NBCLAB3751_UPG78_rf3_for58_EG006_D_G1_EG005_6_72445_100_ACTCGCTAGAGCCTTA_L001_merged_trimmed_filtered;98968;59;36.27;;
e4057165224_NBCLAB3759_UPG93_rf4_for66_EG006_D_B2_EG005_6_72445_103_GGAGCTACTTCTAGCT_L001_merged_trimmed_filtered;75875;43;36.1;;
e4057165229_NBCLAB3704_UPG93_rf3_for11_EG005_C_G8_EG005_6_72445_62_ACTGAGCGCGTCTAAT_L001_merged_trimmed_filtered;78851;47;36.3;;
e4057165230_NBCLAB3712_UPG90_sand3_for19_EG005_C_G9_EG005_6_72445_70_CCTAAGACCGTCTAAT_L001_merged_trimmed_filtered;97071;51;36.03;;
e4057165231_NBCLAB3720_UPG90_sand3_for27_EG005_C_H10_EG005_6_72445_79_CGATCAGTTCTCTCCG_L001_merged_trimmed_filtered;42293;25;36.41;;
e4057165235_NBCLAB3752_UPG78_rf3_for59_EG006_D_H1_EG005_6_72445_101_ACTCGCTATTATGCGA_L001_merged_trimmed_filtered;80908;48;36.27;;
e4057165236_NBCLAB3760_UPG93_rf4_for67_EG006_D_C2_EG005_6_72445_104_GGAGCTACCCTAGAGT_L001_merged_trimmed_filtered;83864;50;36.3;;
e4057165241_NBCLAB3705_UPG93_rf3_for12_EG005_C_H8_EG005_6_72445_63_ACTGAGCGTCTCTCCG_L001_merged_trimmed_filtered;57571;33;36.21;;
e4057165242_NBCLAB3713_UPG90_sand3_for20_EG005_C_H9_EG005_6_72445_71_CCTAAGACTCTCTCCG_L001_merged_trimmed_filtered;52054;31;36.36;;
e4057165243_NBCLAB3721_UPG90_sand2_for28_EG005_C_A11_EG005_6_72445_80_TGCAGCTACTCTCTAT_L001_merged_trimmed_filtered;77120;45;36.53;;
e4057165245_NBCLAB3737_UPG71_33_for44_EG005_C_B12_EG005_6_72445_89_TCGACGTCTATCCTCT_L001_merged_trimmed_filtered;77074;43;36.41;;
e4057165247_NBCLAB3753_UPG78_rf3_for60_EG006_D_A2_EG005_6_72445_102_GGAGCTACTCGACTAG_L001_merged_trimmed_filtered;69559;41;36.33;;
e4057165248_NBCLAB3761_UPG93_rf4_for68_EG006_D_D2_EG005_6_72445_105_GGAGCTACGCGTAAGA_L001_merged_trimmed_filtered;38166;22;36.23;;
e4057165253_NBCLAB3706_UPG93_rf3_for13_EG005_C_A9_EG005_6_72445_64_CCTAAGACCTCTCTAT_L001_merged_trimmed_filtered;52563;31;36.22;;
e4057165254_NBCLAB3714_UPG90_sand3_for21_EG005_C_A10_EG005_6_72445_72_CGATCAGTCTCTCTAT_L001_merged_trimmed_filtered;52827;31;36.45;;
e4057165255_NBCLAB3722_UPG90_sand2_for29_EG005_C_B11_EG005_6_72445_81_TGCAGCTATATCCTCT_L001_merged_trimmed_filtered;56218;33;36.5;;
e4057165256_NBCLAB3730_UPG71_33_for37_EG005_C_H11_EG005_6_72445_87_TGCAGCTATCTCTCCG_L001_merged_trimmed_filtered;52813;31;36.36;;
e4057165258_NBCLAB3746_UPG72_12_for53_EG006_D_C1_EG005_6_72445_96_ACTCGCTACCTAGAGT_L001_merged_trimmed_filtered;88581;52;36.47;;
e4057165260_NBCLAB3762_UPG93_rf4_for69_EG006_D_E2_EG005_6_72445_106_GGAGCTACCTATTAAG_L001_merged_trimmed_filtered;14563;8;36.39;;
e4057165264_NBCLAB3699_UPG93_rf3_for6_EG005_C_B8_EG005_6_72445_57_ACTGAGCGTATCCTCT_L001_merged_trimmed_filtered;56424;33;36.32;;
e4057165265_NBCLAB3707_UPG93_rf3_for14_EG005_C_B9_EG005_6_72445_65_CCTAAGACTATCCTCT_L001_merged_trimmed_filtered;47712;28;36.22;;
e4057165266_NBCLAB3715_UPG90_sand3_for22_EG005_C_B10_EG005_6_72445_73_CGATCAGTTATCCTCT_L001_merged_trimmed_filtered;56861;33;36.45;;
e4057165267_NBCLAB3723_UPG90_sand2_for30_EG005_C_C11_EG005_6_72445_82_TGCAGCTAGTAAGGAG_L001_merged_trimmed_filtered;46342;27;36.38;;
e4057165268_NBCLAB3731_UPG71_33_for38_EG005_C_A12_EG005_6_72445_88_TCGACGTCCTCTCTAT_L001_merged_trimmed_filtered;74705;42;36;;
e4057165269_NBCLAB3739_UPG71_33_for46_EG005_C_C12_EG005_6_72445_90_TCGACGTCGTAAGGAG_L001_merged_trimmed_filtered;42530;25;36.4;;
e4057165276_NBCLAB3700_UPG93_rf3_for7_EG005_C_C8_EG005_6_72445_58_ACTGAGCGGTAAGGAG_L001_merged_trimmed_filtered;58837;35;36.25;;
e4057165277_NBCLAB3708_UPG93_rf3_for15_EG005_C_C9_EG005_6_72445_66_CCTAAGACGTAAGGAG_L001_merged_trimmed_filtered;44578;26;36.12;;
e4057165278_NBCLAB3716_UPG90_sand3_for23_EG005_C_C10_EG005_6_72445_74_CGATCAGTGTAAGGAG_L001_merged_trimmed_filtered;57449;34;36.44;;
e4057165279_NBCLAB3724_UPG90_sand2_for31_EG005_C_D11_EG005_6_72445_83_TGCAGCTAACTGCATA_L001_merged_trimmed_filtered;35385;21;36.04;;
e4057165281_NBCLAB3740_UPG71_33_for47_EG005_C_D12_EG005_6_72445_91_TCGACGTCACTGCATA_L001_merged_trimmed_filtered;52509;31;36.47;;
e4057165282_NBCLAB3748_UPG72_12_for55_EG006_D_D1_EG005_6_72445_97_ACTCGCTAGCGTAAGA_L001_merged_trimmed_filtered;106322;63;36.47;;
e4057165288_NBCLAB3701_UPG93_rf3_for8_EG005_C_D8_EG005_6_72445_59_ACTGAGCGACTGCATA_L001_merged_trimmed_filtered;63733;37;36.23;;
e4057165289_NBCLAB3709_UPG90_sand3_for16_EG005_C_D9_EG005_6_72445_67_CCTAAGACACTGCATA_L001_merged_trimmed_filtered;82365;47;36.1;;
e4057165290_NBCLAB3717_UPG90_sand3_for24_EG005_C_D10_EG005_6_72445_75_CGATCAGTACTGCATA_L001_merged_trimmed_filtered;57459;33;36.35;;
e4057165291_NBCLAB3725_UPG90_sand2_for32_EG005_C_E11_EG005_6_72445_84_TGCAGCTAAAGGAGTA_L001_merged_trimmed_filtered;123034;48;34.86;;
e4057165293_NBCLAB3741_UPG90_sand2_for48_EG005_C_E12_EG005_6_72445_92_TCGACGTCAAGGAGTA_L001_merged_trimmed_filtered;48663;28;36.19;;
e4057165294_NBCLAB3749_UPG78_rf3_for56_EG006_D_E1_EG005_6_72445_98_ACTCGCTACTATTAAG_L001_merged_trimmed_filtered;88084;52;36.25;;
;11072460;;36.3380226;;
