Name;Sequence
Otu001;ATTTTACGTACCACCAAGTATTATTAATTCTTCATCTATTGATTTAATGTTCTCCGTTACATTTAGTTGGATTAAGTCCTTTATTAGGATCAATTAATCTTATTGTTACGATATTAAAAGCAACGTCGTTTTCAATTTTACAGTCTGCATTATTTATACCATTATTTCCACGAAGTATATTTTTTACTCCTATTTCATTATTAATTCCCCTTCCTGTATTGGCTGGACGTATTACTACGATAACATCTGATAGACATTCCAATACCAGCTCCCCCGATCCATTAAGAGGAGGAGATTTAATTTCACCTCAACATTTATTTT
Otu002;ATTTTACGTACCACCAAGTATTATTAATTCTTCATCTATTGATTTAATGTTCTCCGTTACATATAGTTGGATTAAGTCCTTTATTAGGATCAATTAATCTTATGGTTACGATAGTAAAAGCAACGTCGTTTTCAATTTTACAGTCTGCATTATTTATACCATTATTTCCACGAAGTATATTTTTTACTCCAATTTCATTATTAATTCCCCTTCCTGTATTGGCTGGACGTATTACTACGATAACATCTGATAGACATTCCAATACCAGCTCCCCCGATCCATTAAGAGGAGGAGATTTAATTTCACCTCAACATTTATTTT
Otu003;ATTTCATGTACCACCAAGTATTATTAATTCTTCATCCACTGATTTAATGTTCCCCTTCACATTTAGTTGGATTAAGTTCTTTATTAGGACCAATTAATCTTACTGTTACTATATTAAAAGCAACATCATTTGCAATTTTGCAGTCTGCATTATCTATACCATCATTTCCACGAAGTATATTTTTTACCCCGATTTCATTATTAATACCTCTTCCTGTATTAGCTGGACGTATTACTACGATTACATCTGATAGACATTCTAATACCAGCTTTCTTGATCCATTAAGAGGAGGAGATTTAATTTCACCTCAACATTCATTTT
Otu004;ATTTTACGTACCACCAAGTATTATTAATTCTTCATCTATTGATTTAATGTTCTCCTTTACATATAGTTGGATTAAGTCCTTTATTAGGATCAATTAATCTTATTGTTACTATTGTAAAAGCAACATCACTTTCAATTTTACAGTCTGCATTATTTATTCCATTATTTCCACGAAGTATATTTTTTACTCCTATTCCATTATTAATTCCCCTTCCTGTATTGGCTGGACGTATTACTACGATAACATCTGATAGACATTCCAATACCAGCTCCCTCGATCCATTAAGAGGAGGAGATTTAATTTCATCTCAACATTTATTTT
Otu005;ATCTCATGCTCCTTTATCCATTATTAATTATTCCTCTATTGATCTTATGTTTTTTTCTTTACACATTGTAGGATTAAGTAGTTTATTAGGATCTATTAACTCTATTGTTACTTTATTAAAATCTACCAATCTATCTATTATTAATTCCTTTCTCTTTTTACCTTTGTATTGTTGATCTATATTCTTTACTTCAGTGTTATTAATTATTAGTCTTCCTGTATTAGCAGGAGTAATTACAATGATTATTTCTGATCGACATTCTAACTGTCCTTTTCTTGATCCATTAAGAGGTGGTGATTTATTATTACCTCAGCATTTACTTT
Otu006;ATCTCATGCTCCTCTATCCTTTATTAATTACTCATCTATTGATCTTATGTTTTTTTCCTTACACATTGTAGGATTAAGTAGTTTATTAGGATCTATTAACTTTATTATTACTTTATTAAAGTCTACTAATCTATCTATTATTAATTCCTTTCTATTTTTATCTCTATATTGTTGATCTATATTCTTTACTTCAGTCTTACTAATTATTAGTCTTCCTGTATTAGCAGGAGTAATTACAATGATTATTTCTGATCGACATTCTAACTGTTCTTTTCTTGATCCATTAAGAGGTGGTGATTTATTATTACCTCAACATTTACCTT
Otu007;TTTTTACGTACCACCAAGTATTATTAATTCTTCATCTATTGATTTAATGTTTTCCGTTACATATAGTAGGATTAAGTCCTTTATTAGGATCAATTAATCTTATGGTTACTCTATTAAAAGCAACGTCGTTTTCAATAATACAGTCTGCATTATTTATACCATTATTTCCACGAAGTATATTTTTTACTCCTATTTCATTATTAATTCCCCTTCCTGTATTGGCTGGACGTATTACAACGATAACATCTGATAGACATTCCAATACCAGCTCCCCCGATCCATTAAGAGGAGGAGATTTAATTTCACCTCAACATTTATTTT
Otu008;ATCTCACGCTCCATTATCTATAATTAACTATTCTTCTATTGATCTTATGTTCTTTAGTTTACATATTATTGGATTAAGTAGTATATTAGGATCTATTAACCTCATTGTTACCTTATTAAAATCTAGTAATCTTAGCATCATTAATTCCTTTCTATTTTTACCTTCATATTGTTGATCTATATTCTTTACATCAGTATTATTAATTATTAGTCTCCCTGTTTTAGCTGGAGTAATTACAATGATTATTTCTGATCGACATTCTAACTGTCCTTCTCTTGATCCATTAAGAGGTGGAGATTTATTATTACCTCAACACTTATCTT
Otu009;ATCTCATGCTCCTTTATCCATTATAAACTATTCTTCTATTGATCTGATGTTTTTTTCTTTACACATTGTAGGATTAAGTAGTTTATTAGGATCTATTAACTCTATTGTTACTTTATTAAAATCTACCAATCTATCTATTATTAATTCCTTTCTGTTTTTACCTCTATATTGTTGATCTATATTCTTTACTTCAGTGTTATTAATTATTAGTCTTCCTGTATTAGCAGGAGTAATTACAATGATTATTTCTGATCGACATTCTAACTGTCCTTTTCTTGATCCATTAAGAGGTGGTGATTTATTATTACCTCAGCATTTACTTT
Otu010;ATCTCATGCTCCTTTATCCATTATAAACTATTCTTCTATTGATCTCATGTTTTTTTCTTTACACATTGTAGGATTAAGTAGTTTATTAGGATCTATTAACTCTATTGTTACTTTATTAAAATCTACTAATCTATCTATTATTAATTCCTTTCTGTTTTTACCTCCATATTGTTGATCTATATTCTTTACTTCAGTGTTATTAATTATTAGTCTTCCTGTATTAGCAGGAGTAATTACAATGATTATTTCTGATCGACATTCTAACTGTTCTTTCCTTGATCCATTAAGAGGTGGTGATTTATTATTACCTCAACATTTACTTT
Otu011;ATTTTACGTACCACCAAGTATTATTAATTCTTCATCTATTGATTTAATGTTCTCCGTTACATTTAGTTGGATTAAGTCCTTTATTAGGATCAATTAATCTTATTGTTACTATATTAAAAGCAACGTCGTTTTCAATTTTACAGTCTGCATTATTTATACCATTATTTCCACGAAGTATATTTTTTACTCCCATTCCATTATTAATTCCCCTTCCTGTATTGGCTGGACGTATTACTACGATAACATCTGATAGACATTCCAATACCAGCTCCCTCGATCCATTAAGAGGAGGAGATTTAATTTCACCTCAACATTTATTTT
Otu012;ATTTTACGTACCACCAAGTATTATTAATTCTTCATCTATTGATTTAATGTTCTCCGTTACATATAGTTGGATTAAGTCCTTTATTAGGATCTATTAATCTTATGGTTACGATATTAAAAGCAACGTCGTTTTCAATTTTACAGTCGTCATTATTTATACCATTATTTCCACGAAGTATATTTTTTACTCCTATTTCATTATTAATTCCCCTTCCTGTATTGGCTGGACGTATTACTACGATAACATCTGATAGACATTCCAATACGAGCTCCCCCGATCCATTAAGAGGAGGAGATTTAATTTCACCTCAACATTTATTTT
Otu013;ATCTCATGCTCCTTTATCCATTATAAATTACTCATCTATTGATCTTATGTTTTTTTCTTTACACATTGTAGGATTAAGTAGTTTATTAGGATCTATTAACTTTATTATTACTTTATTAAAGTCTACTAATCTATCTATTATTAATTCCTTTCTATTTTTATCTCTTTATTGTTGATCTATATTCTTTACCTCAGTGTTATTAATTATTAGTCTTCCTGTATTAGCAGGAGTAATTACAATGATTATTTCTGATCGACATTCTAACTGTTCTTTTCTTGATCCATTAAGAGGTGGTGATTTATTATTACCTCAACATTTACCTT
Otu014;ATCTCATGCTCCTTTATCCATTATAAACTATTCTTCTATTGATCTGATGTTTTTTTCTTTACACATTGTAGGATTAAGTAGTTTATTAGGATCTATTAACTCTATTGTTACTTTATTAAAATCTACCAATCTATCTATTATTAATTCCTTTCTGTTTTTACCTCTATATTGTTGATCTATATTCTTTACTTCAGTTCTATTAATTATTAGTCTTCCTGTATTAGCAGGAGTAATTACAATGATTATTTCTGATCGACATTCTAACTGTCCTTTTCTTGATCCATTAAGAGGTGGTGATTTATTATTACCTCAGCATTTACTTT
Otu015;ATCTCACGCTCCTCTATCAATTATTAACTATTCTAGTATTGATCTCATGTTCTTTAGTCTTCATATTGTTGGATTAAGTAGTTTATTAGGATCTATTAACTCCATTGTTACCTTATTAAAATCTAGTAATCTTTCTATAATTAACTCCTTTATGTATTTACCTTTATACTGTTGATCTATATTCTTTACATCAGTATTATTAATTATTAGTCTCCCTGTATTAGCTGGAGTTATTACAATGATTATTTCTGATCGACATTCTAACTGTCCTTCTCTTGATCCATTAAGAGGTGGAGATTTATTATTACCTCAACACTTATCTT
Otu016;ATTTTACGTACCACCAAGTATTATTAATTCTTCATCTATTGATTTAATGTTCTCCGTTACATTTAGTTGGATTAAGTCCTTTATTAGGATCAATTAATCTTATTGTTACTATATTAAAAGCAACGTCGTTTTCAATTTTACAGTCTGCATTATTTATACCATTATTTCCACGAAGTATATTTTTTACTCCCACTCCATTATTAATTCCCCTTCCTGTATTGGCTGGACGTATTACTACGATAACATCTGATAGACATTCCAATACCAGCTCCCTCGATCCATTAAGAGGAGGAGATTTAATTTCACCTCAACATTTATTTT
Otu017;ATCTCATGCTCCTTTATCCATTATAAATTACTCATCTATTGATCTTATGTTTTTTTCTCTTCACATTGTAGGATTAAGTAGTTTATTAGGATCTATTAACTTTATTATTACTTTATTTAAGTCTACTAATCTATCTATTATTAATTCCTTTCTATTTTTATCTCTTTATTGTTGATCTATATTCTTTACCTCTTTACTATTAATTATTAGTCTTCCTGTATTAGCAGGAGTAATTACAATGATTATTTCTGATCGACATTCTAACTGTTCTTTTCTTGATCCATTAAGAGGTGGTGATTTATTATTACCTCAACATTTACCTT
Otu018;ATCTCATGCTCCTTTATCCATTATAAACTATTCTTCTATTGATCTCATGTTTTTTTCTTTACACATTGTAGGATTAAGTAGTTTATTAGGATCTATTAACTCTATTGTTACTTTATTAAAGTCTACTAATCTATCTATTATTAATTCCTTTCTCTTTTTACCTCCATATTGTTGATCTATATTCTTTACTTCAGTGTTATTAATTATTAGTCTTCCTGTATTAGCAGGAGTAATTACAATGATTATTTCTGATCGACATTCTAACTGTTCTTTCCTTGATCCATTAAGAGGTGGTGATTTATTATTACCTCAACATTTACTTT
Otu019;ATCTCATGCTCCTTTATCCATTATAAATTACTCATCTATTGATCTTATGTTTTTTTCTTTACACATTGTAGGATTAAGTAGTTTATTAGGATCTATTAACTTTATTATTACTTTATTAAAGTCTACTAATCTATCTATTATTAATTCCTTTCTATTTTTATCTCTATATTGTTGATCTATATTCTTTACCTCTGTCTTATTAATTATTAGTCTTCCTGTATTAGCAGGAGTAATTACAATGATTATTTCTGATCGACATTCTAACTGTTCTTTTCTTGATCCATTAAGAGGTGGTGATTTATTATTACCTCAACATTTACCTT
Otu020;ATTTCATGTACCACCAAGTATTATTAATTCTTCATCCATTGATTTAATGTTCTCCTTTACATTTAGTTGGATTAAGTTCTTTATTAGGACCAATTAATCTTACTGTTACTATATTAAAAGCAACATCATTTGCAATTTTGCAGTCTGCATTATCTATACCATCATTTCCACGAAGTATATTCTTTACCCCGATTTCATTATTAATACCTCTTCCTGTATTAGCTGGACGTATTACTACGATTACATCTGATAGACATTCTAATACCAGCTTTCTTGATCCATTAAGAGGAGGAGATTTAATTTCACCTCAACATTCATTTT
Otu021;ATCTCATGCTCCATCATCAATTATAAACTATTCTTCTATTGATCTCATGTTTTTTTCTTTACACATTGTTGGATTAAGTAGTTTATTAGGATCTATTAATTCTATTGTTACTTTATTAAAATCTAGTAATCTTTCTATTATTAATTCCTTTCTGTTTTTACCTCCATATTGTTGATCTATATTCTTTACATCAGTATTATTAATTATTAGTCCTCCTGTATCAGCAGGAGTAATTACAATGATTATTTCTGATCGACATTCTAATCGTCCTTCTCTTGATCCATTAAGAGGTGGAGATTTATTATTACCTCAACATTTACCTT
Otu022;ATTCTATGTACCTCTTTCAATATTTAATTATTATTCAATTGATTTATTTATTTTTTCATTACATATAATTGGATTAAGTTCATTTGTTAGTTCAATTAATCTTATTATAACTATATTAAAGTCTTCTAATTTATCTGTTTTATATTATTGTTTATTTATTCCTTTATTTTCTTGAACTATTTTTTGTACTTCATTATTACTTATAATATCATTACCAGTATTAGCAGTTAGTATTACAATGATTATATTTGATAGACATCTTAATAGTGGATTCTATGATACATTAAAAGGAGGTGATATTCTATTATTTCAACATTTATTCT
Otu023;TTCTCATGTTCCTCTATCAATTATAAATTATTCTTCTATTGATCTTATGTTCTTTTCTTTACACATTGTTGGACTAAGTAGTTTATTAGGATCTATTAATTCTATTGTTACTTTATTAAAATCTAGTAATCTTTCTATTATTAATTCTTTTCTGTTTTTACCTCTGTATTGTTGATTTATATTCTTTACATCAGTCTTATTAATTATTAGTCTTCCTGTATCAGCAGGAGTAATTACAATGATTATTTCTGATTGACATTCTAATCGTCCTTCTCTTGATCCATTAAGAGGTGGAGATTTATTATTACCTCAACATTTACCTT
Otu024;ATCTCATGCTCCTTTATCTATTATTAATTATTCCTCTATTGATCTTATGTTTTTTTCTTTACACATTGTAGGATTAAGTAGTTTATTAGGATCTATTAACTCTATTGTTACTTTATTAAAATCTACTAATCTATCTATTATTAATTGCTTTCTGTTTTTACCTCTATATTGTTGATCGCTATTCTTTACTTCAGTGTTATTAATTATTAGTCTTCCTGTATTAGCAGGTGTAATTACAATGATTATTTCTGATCGACATTCTAACTGTTCTTTTCTTGATCCATTAAGAGGTGGTGATTTATTATTACCTCAACATTTACTTT
Otu025;ATCTCACGCTCCATTATCTATAATTAACTATTCTTCTATTGATCTTATGTTCTTTAGTTTACATATTATTGGATTAAGTAGTATATTAGGATCTATTAACTCCATTGTTACCCTACTGAAATCTAGTAATCTTAGTATCATCAACTCCTTTCTATTTTTACCTTCATATTGTTGATCTATATTCTTTACATCAGTATTATTAATTATTAGTCTCCCTGTATTAGCTGGAGTAATTACAATGATTATTTCTGATCGACATTCTAACTGTCCTTCTCTTGATCCATTAAGAGGTGGAGACCTATTATTACCTCAACACTTATCTT
Otu026;ATCTCATGCTCCATTACCAATTATAAATTATTCTTCTATTGATCTCATGTTTTTTCCTTCACACATTGTTAGATTAAGTAGTTTATTAGGATCTATTAATTCTATTGTTACTTTATTAAAATCTAGTAATCTTTCTATTATTAATTGCTTTTTATTTTTACCTTTATATTGTTGATCTATATTCTTTACACCAGTATTATTAATTATTAGTCTTCCTGTATCAGCAGGAGTAATTACAATGATTATTTCTGATAGACACTCTAATCGTCCTTCTCTTGATCCATCAAGAGGTGGAGATTTATTATCACCTCAACATTTACCTT
Otu027;ATTTCATGTACCACCAAGTATTATTAATTCTTCATCCATTGATTTAATGTTTTCTCCTTTACATTTAGTTGGATTAAGTTCTTTATTAGGACCAATTAATCTTACTGTTACTATATTAAAAGCAACATCATTTGCAATTTTGCAGTCTGCATTATCTATACCATCATTTCCACGAAGTATATTTTTTACCCCGATTTCATTATTAATACCTCCTCCTGTATTAGCTGGACGTATTACTACGATTACATCTGATAGACATTCTAATACCAGCTTTCTTGATCCATTAAGAGGAGGAGATTTAATTTCACCTCAACATTCATTTT
Otu028;TTCTTATGCTCCATCATCCATTATAAATTATTCTTCTATTGATCTTATGTTCCTTTCTTTACACATTGTTGGACTAAGTAGTTTATTAGGATCTATTAATTCTATTGTTACTTTATTAAAATCTAGTAATCTTTCTATTATTAATTCCTTTCTGTTTTTACCTCTATATTGTCGATCTATATTCTTTACATCAGTCTTATTAATTATTAGTCTTCCTGTATCAGCAGGAGTAATTACAATGATTATTTCTGATCGACATTCTAATCGTCCTTCTCTTGATCCATTAAGAGGTGGCGATTTATTATTACCTCAACATTTACCTT
Otu029;ATTTCATGTACCACCAAGTATTATTAATTCTTCATCCACTGATTTAATGTTCCCCTTCACATTTAGTTGGATTAAGTTCTTTATTAGGACCAATTAATCTTACTGTTACTATATTAAAAGCAACATCATTTGCAATTTTGCACTCTGCATTATCTATACCATCATTTCCACGAAGTATATTTTTTACCCCGATTTCATTATTAATACCTCTTCCTGTATTAGCTGGACGTATTACTACGATTACATCTGATAGACATTCTAATACCAGCTTTCTTGATCCATTAAGAGCAGGAGATTTAATTTCACCTCAACATTCATTTT
Otu030;ATCTTATGTTCCATTATCGATTATAAATTATTCTTCTATTGATCTTATGTTTTTTTCTTTACACATTGTTGGATTAAGTAGTTTATTAGGATCTATTAATTCTATTGGGTCTTTATTGAAGTCTTCTAATCTTTCTATCGTCAATTCATTTCTATTTTTACCTTTGTATTGTTGATCTATATTCTTTACACCAGTCTTATTAGTTATTAGTCCTCCTGTTCTAGCAGGAGTAATTACAACGATTATTTCTGATAGACATTCTAATTGTCCTTCTTTTGATCCATTAAGAGGTGGAGATTTATTATTATCTCAACATTTACCTT
Otu031;ATTTCATGTTCCATTATCAATTATAAATTATTCTTCTATTGATCTCATGTTTTTTTCTTTACACATTGTTGGATTAAGTAGTTTATTAGGATCTATTAATTTTATTGTTACACTATTAAAATCTAGTAATCTTTCTATTATTAATTCTTGACTATTTTTACCTTTATATTGTTGATCTATATTCTTTACATCATTATTATTAATTATTAGTCTCCCTGTATTAGCAGGAGTAATTACAATGATTATTTTTGATAGACACTTTAATTGTTCTTTTTTGATCCATTAAGAGGTGGAGATTTATTATTATTTCAACATTTATTTT
Otu032;ATCTCACGCTCCTTCACCAATTATTAACTATTCTTCTATTGATCCCATGTTCTTTTCTTTACACATTGTTGGATTAAGTAGTTTATTAGGATCTATTAACTCCATTGTTACTTTATTAAAATCTAGTAATCTTTCTATTATTAATTCCTTTCTGTTTTCACCGTCATATTGTTGATCTATATTCTTTACATCAGTATTATTAATTATTAGTCTCCCTGTATTAGCAGGAGTAATTACAATGATTATTTCTGATCGACATTCTAACTGTCCTTCTCTTGATCCATTAAGAGGTGGAGATTTATTATTACCCCAACATTTACCTT
Otu033;ATCTCACGCTCCTCTATCAATTATTAACTATTCTAGTATTGATCTCATGTTCTTCAGTCTTCATATTGTTGGATTAAGTAGTTTATTAGGATCTATTAACTCCATTGTTACCTTATTAAAATCTAGTAATCTTTCTATAATTAACTCCTTTATGTATTTACCTTTATACTGTTGATCTATATTCTTTACATCAGTATTATTAATTATTAGTCTCCCTGTATTAGCTGGAGTTATTACAATGATTATTTCTGATCGACATTCTAACTGTCCTTCTCTTGATCCATTAAGAGGTGGAGATTTATTATTACCTCAACACTTATCTG
Otu034;TTCTTATGCTCCATTATCCATTATAAATTATTCTTCTATTGATCTTATGTTCCTTTCTTTACACATTGTTGGACTAAGTAGTTTATTAGGATCTATTAATTCTATTGTTACTTTATTAAAATCTAGTAATCTTTCTATTATTAATTCCTTTCTGTTTTTACCTCTATATTGTTGATCTATATTCTTTACATCAGTCTTATTAATTATTAGTCTTCCTGTATCAGCAGGAGTAATTACAATGATTATTTCTGATCGACATTCTAATCGTCCTTCTCTTGATCCATTAAGAGGTGGAGATTTATTATTACCTCAACATTTACCTT
Otu035;TTCTTATGTTCCTCCACCTATTATGAATAGTTCTTCAATCGATTTCATGTTTTTCCCTTTACATTTAGTTGGATTATCTCCTTTATCAGGATCAATTAATTTTATTGTTACTTCATTAAAGGCATCTAGTCTTTCAGTTATTTCCATGTCATTATTCTTACCTTCATATCCTCGAAGTATCTTTTTTACTTCTTTTTCATTATCAATAACTCCTCCCGTACTAGCTGGACGTATTACGACGATTACTTATGACAGACGATTCAATCCGCCACCTTCCGATCCTTTAAGAGGAGGAGATCTTTTACTTCCTCAACATCCTTCTC
Otu036;TTCTCATGCTCCATCACCAATTATAAATTATTCTTCTATTGATCTCATGTCTTTTCCTTTACACATTGTTGGATTAAGTAGTTTATTAGGATCTATTAATTTTATTGTTACTTTATTAAAGTCTAGTAATTTATCAGTTATTAATTCATTTCTATTTTTACCTTTATATAGTTGACCTATATTCTTTACACCATTCTTATTAATTATTAGTCCTCCTATATCAGCAGGAGTAATTACAACGATTATATTTGATCGCCATTCTAATCGTCCTTCTCTTGATCCATTAAGAGGTGGAGATTTATTATCACCTCAACATTCACCTT
Otu037;ATCTCATGCTCCATCATCAATTATAAACTATTCTTCTATTGATCTCATGTTTTTTTCTTTACACATTGTTGGATTAAGTAGTTTATTAGGATCTATTAATTCTATTGTTACTTTATTAAAATCTAGTAATCTTTCTATTATCAATTCCTTTCTGTTTTTACCTCCATATTGTTGATCTATATTCTTTACATCAGTATTATTAATTATTAGTCCTCCTGTATCAGCAGGAGTAATTACAATGATTATTTCTGATCGACATTCTAATCGTCCTTCTCTTGATCCATTAAGAGGTGGAGATTTATTATTACCTCAACATTTACCTT
Otu038;ATCTCATGCTCCATCATCAATTATAAACTATTCTTCTATTGATCTCATGTTTTTTTCTTTACACATTGTTGGATTAAGTAGTTTATTAGGATCTATTAATTCTATTATTACTTTATTAAAATGTAGTAATCTTTCTATTATTAATTCCTTTCTGTTTTTACCTCCATATTGTTGATCTATATTCTTTACATCAGTATTATTAATTATTAGTCCTCCTGTATCAGCAGGAGTAATTACAATGATTATTTCTGATCGACATTCTAATCGTCCTTCTCTTGATCCATTAAGAGGTGGAGATTTATTATTACCTCAACATTTACCTT
Otu039;ATTTTATGTACCATCAAGTATTATTAATTCTTCCTCTATTGATTTAATGTTTTCCTTTACATTTAGTTGGATTAAGTCCTTTATTAGGATCAATTAATCTTATTGTTACTATATTAAAAGGGACATCATTTGCTATTTTACAGTCTGTATTATTTATACCATTATTTCCACGAAGTATATTTTTTACTCCATTTTTATTAATAATACCTCTTCCTGTATTAGCTGGACGTATTACTATGATTACATTTGATAGACATTCTAATACCAGCTTCTTTGATCCATTACGAGGAGGAGAATTAATTTCACCCCAACATTTATTTT
Otu040;TTCTCATGCTCCATTATCAATTATTAATTATTCATCTATTGATCTCATGTCTTTTCCTTTACATATTGTTGGATTAAGTAGTTTATTAGGATCTATTAATCTCATTGTTACTTTATTAAAATCTAGTAATATCGCTATTATTAATTTATTTCTATTTTTACCTCCATATCGTCGATCTATATTCTTTACATCAGTCTTATTAATTATTAGTCCTCCTGTATCAGCAGGTGTAATTACAATGATTATTTCTGATCGACATTTTAATCGTCCTTCTCTTGATCCAATTAGAGGTGGTGATTTATTATTACCTCAACATTTATCTT
Otu041;ATTTTAGTACCACCAAGTATTATTAATTCTTCATCTATTGATTTAATGTTCTCCGTTACATATAGTTGGATTAAGTCCTTTATTAGGATCAATTAATCTTATGGTTACGATAGTAAAAGCAACGTCGTTTTCAATTTTACAGTCTGCATTATTTATACCATTATTTCCACGAAGTATATTTTTTACTCCAATTTCATTATTAATTCCCCTTCCTGTATTGGCTGGACGTATTACTACGATAACATCTGATAGACATTCCAATACCAGCTCCCCCGATCCATTAAGAGGAGGAGATTTAATTTCACCTCAACATTTATTTT
Otu042;ATCTCACGCTCCATTATCTATAATTAACTATTCTTCTATTGATCTTATGTTCTTTAGTTTACATATTATTGGATTAAGTAGTATATTAGGATCTATTGACCTCATTGTTACCTTATTAAAATCTAGTAATCTTAGCATCATTAATTCCTTTCTATTTTTACCTCCATATTGTTGATCTATATTCTTTACATCAGTATTATTAATTATTAGTCTCCCTGTTTTAGCTGGAGTAATTACAATGATTATTTCTGATCGACATTCTAACTGTCCTTCTCTTGATCCATTAAGAGGTGGAGATTTATTATTACCTCAACACTTATCTT
Otu043;ATTTTATGTACCATTGAGTATTAGTAATTCATCATCGATTGATTTAATGTTTTTTAGTTTACATATTGTTGGATTGAGTAGTCTTCTTGGAAGTATTAATTTTATAATTACAATATTAAAAGCTACATCATTTACAATTTTACAATCATCATTATTTATACCATTATTTCCATGATGTATATTTTTTACGAATATATTATTATTAGTTAGTTTACCAGTATTAGCTGGTTGTATTACAATGATTATATTTGATAGACATTTTAATACTTCATTTTTTGATCCATTAAGAGGTGGTGATTTAATATTATTTCAACATTTATTTT
Otu044;TTTTTATGTTCCATTATCAATTATAAATTATTCTTCTATTGATATTATGTTTTTTTCTTTACATATTATTGGATTAAGTAGTTTATTAGGATCGATTAATTTTATTGTTACTTTATTAAAATCTAGTAATCTCTCAATTATTAATTTATTTCTATTTTTACCTTTGTATAGTTGATCGATATTCTTTACAGCAATTTTATTAATTATTAGTCTTCCTGTATTAGCAGGTGTTATAACTATGATTATATTTGATAGACATTTTAATACTTCTTTTTTTGATCCAATAAGAGGTGGAGATTTATTATTATTTCAACATTTATTTT
Otu045;ATTTTATGTTCCATTGTCAATTATAAACTATTCTTCTATTGATGTAATGTTTTTTTCTTTACACATTGTTGGATTAAGTAGTTTATTAGGATCAATTAACTTTATAATTACTTTATTAAAATCTAGTAATCTTTCTATTATTAATTCCTTTCTGTTTTTACCTTTATATTGTTGAAGCATATTTTTCACATCAGTATTATTAATTATTAGTCTTCCTGTATCAGCAGGAGTAATTACAATGATTATTTCTGATCGACATTCTAATTGTTCTTCTCTTGATCCATGTAGAGGTGGAGATTTATTATTACCTCAACATTTACCTT
Otu046;TTCTTATGCTCTATTATCCATTATAAATTATTCTTCTATTGATCTTATGTTCCTTTCTTTACACATTGTTGGACTAAGTAGTTTATTAGGATCTATTAATTCTATTGTTACTCTATTAAAATCTAGTAATCTTTCTATTATTAATTCCTTTCTGTTTTTACTTCTATATTGTCGATTTATATTCTTTACATCAGTCTTATTAATTATTAGTCTTCCTGTATCAGCAGGAGTAATTACAACGATTATTTCTGATCGACATTCTAATCGTCCTTCTCTTGATCCATTAAGAGGTGGCGATTTATTATTACCTCAACATTTACCTT
Otu047;ATCTCATGCTCCATTATCAATTATAAACTATTCTTCTATTGATCTAATGTTTTTTTCTTTACACATTGTTGGATTAAGTAGTTTATTAGGATCTATTAATTCTATTGTTACTTTATTAAAATCTACTAATCTTTCTATTATTAATTCCTTTCTGTTTTTACCTCCATATTGTTGATCTATATTCTTTACATCAGTATTATTAATTATTAGTCCTCCTGTATTAGCAGGAGTAATTACAATGATTATTTCTGATCGACATTCTAATCGTCCTTCTCTTGATCCATTAAGAGGTGGAGATTTATTATTACCTCAACATTTACCTT
Otu048;TTCTTATGCTCCATCACCCATTATAAATTATTCTTCTATTGATCTTATGTTCCTTTCTTTACATATTGTTGGACTAAGTAGTTTATTAGGATCTATTAATTCTATTGTTACTTTATTAAAATCTTCTAATCTTTCTATTATTAATTCCTTTCTGTTTTTACCTCTATATTGTTGATCTATATTCTTTACATCAGTCTTATTAATTATTAGTCTTCCTGTATCAGCAGGAGTAATTACAATGATTATTTCTGATCGACATTCTAATCGTCCTTCTCTTGATCCATTAAGAGGTGGAGATTTATTATTACTTCAACATTTACCTT
Otu049;ATTTCATGTACCACCAAGTATTATTAATTCTTCATCCATTGATTTAATGTTTTCTCCTTTACATTTAGTTGGATTAAGTTCTTTATTAGGACCAATTAATCTTACTGTTACTATATTAAAAGCAACATCATTTGCAATTTTGCAGTCTGCATTATCTATACCATCATTTCCACGAAGTATATTTTTTACCCCGATTTCATTATTAATACCTCCTCCTGTATTAGCTGGACGTATTACTACGATTACATCTGATAGACATTCTAATACCAGCTTTCTCGATCCATTAAGAGGAGGAGATTTAATTTCACCTCAACATTCATTTT
Otu050;ATTTCATGTACCACCAAGTATTATTAATTCTTCATCCACTGATTTAATGTTCCCCTTCACATTTAGTTGGATTAAGTTCCTTATTAGGACCAATTAATCTTACTGTTACTATATTAAAAGCAACATCATTTGCAATTTTGCACTCTGCATTATCTATACCATCATTTCCACGAAGTATATTTTTTACCCCGATTTCATTATTAATACCTCTTCCTGTATTAGCTGGACGTATTACTACGATTACATCTGATAGACATTCTAATACCAGCTTTCTTGATCCATTAAGAGCAGGAGATTTAATTTCACCTCAACATTCATTTT
Otu051;ATCTCATGCTCCTTTATCAATTATAAACTATTCTTCTATTGATCTCATGTTTTTTTCTTTACACATTGTTGGATTAAGTAGTTTATTAGGATCTATTAACTCCATTGTTACTTTATTAAAATCTAGTAACTTATCTATTATTAATTCCTTTCTGTTTTTACCTCCATATTGTTGATCTATATTCTTTACATCAGTCTTATTAATTATTAGTCTCCCTGTATTAGCAGGAGTAATTACAATGATTATTTCTGATCGACATTCTAACTGTCCTTCTCTTGATCCATTAAGAGGTGGAGATTTATTATTACCTCAACATTTACCTT
Otu052;ATCTCATGCTCCTTTATCCATTATTAATTATTCCTCTATTGATCTTATGTTTTTTTCTTTACACATTGTAGGATTAAGTAGTTTATTAGGATCTATTAACTCTATTGTTACTTTATTAAAATCTACCAATCTATCTATTATTAATTCCTTTCTCTTTTTACCTTTGTATTGTTGATCTATATTCTTTACTTCAGTGTTATTAATTATTAGTCTTCCTGTATTAGCAGGAGTAATTACAATGATTATTTCTGATCGACATTCTAACTGTCCTTTTCTTGATCCATTAAGAGGTGGTGATTTATTATTACCTCAGCATTACTTT
Otu053;ATCTCATGCTCCTTTATCAATTATAAACTATTCTTCTATTGATCTTATGTTTTTTTCTTTACACATTGTTGGATTAAGTAGTTTATTAGGATCTATTAACTCCATTGTTACTTTATTAAAATCTAGTAATCTTTCTATTATTAATTCCTTTCTGTTTTTACCTCTATACTGTTGATCTATATTCTTTACATCAGTCTTATTAATTATTAGTCTCCCTGTATTAGCAGGAGTAATTACAATGATTATTTCTGATCGACATTCTAACTGTCCTTCTCTTGATCCATTAAGAGGTGGAGATTTATTATTACCTCAACATTTACCTT
Otu054;ATTTCATGTACCACCAAGTATTATTAATTCTTCATCCATTGATTTAATGTTCTCTCCTTTACATTTAGTTGGATTAAGTTCTTTATTAGGACCAATTAATCTTACTGTTACTATATTAAAAGCAACATCATTTGCAATTTTGCAGTCTGCATTATCTATACCATCATTTCCACGAAGTATATTTTTTACCCCGATTTCATTATTAATACCTCCTCCTGTATTAGCTGGACGTATTACTACGATTACATCTGATAGACATTCTAATACCAGCTTTCTTGATCCATTAAGAGGAGGAGATTTAATTTCACCTCAACATTCATTTT
Otu055;ATCTCATGCTCCTCTATCCTTTATTAATTACTCATCTATTGATCTTATGTTTTTTTCCTTACACATTGTAGGATTAAGTAGTTTATTAGGATCTATTAACTTTATTATTACTTTATTAAAGTCTACTAATCTATCTATTATTAATTCCTTTCTATTTTTATCTCTATATTGTTGATCTATATTCTTTACTTCAGTCTTACTAATTATTAGTCTTCCTGTATTAGCAGGAGTAATTACAATGATTATTTCTGATCGACATTCTAACTGTTCTTTTCTTGATCCATTAAGAGGTGGTGATTTATTATTACCTCAACATTACCTT
Otu056;ATTTTATGTACCATTGAGTATAATGAATTATTATTGTATTGATTTAATGTTTTTTGGATTACATGTAGCAGGATTATCTAGTTTATTAGGATCAATTAATATGATTGTGACATTATTAAAAGCATGTAATATTTCATTAGTATATTCATCATTATTTTTACCATTATTTCCATGGTCTATTTTTTATACAAGTTTATTATTAATTATATCAATTCCAGTGTTAGCAGGAAGTATTACTATGATTATTTTTGATAGACATTTTAATACTAGTTTTTTTGATCCAATTAGAGGAGGAAGTATAGTATTGTTTCAGCATTTGTTTT
Otu057;ATTTCATGTTCCATTATCAATTATAAATTATTCTTCTATTGATCTCATGTTTTTTTCTTTACACATTGTTGGATTAAGTAGTTTATTAGGATCTATTAATTTTATTGTTACACTATTAAAATCTAGTAATCTTTCTATTATTAATTCTTGACTATTTTTACCTTTATATTGTTGATCTATATTCTTTACATCATTATTATTAATTATTAGTCTCCCTGTATTAGCAGGAGTAATTACAATGATTATTTTTGATGGACACTTTAATTGTTCTTTTTTGATCCATTAAGAGGTGGAGATTTATTATTATTTCAACATTTATTTT
Otu058;TTCTCATGCTCCATTACCAACTATAAATTATTCTTCTATTGATCTCATGTCTTTTCCTTTACACATTGTTGGATTAAGTAGTTTATTAGGATCTCTTAATTTTATTGTTACTTTATTAAAGTCTAGTAATCTATCTATAGTAAATTCTTTTTTATTTTTACCATTATATAGTTGATCTATATTTTTTACATCAGTTTTATTAATCATAAGTTTACCAGTTTTAGCAGGTGTAATTACTATGATTATTTTTGATAGACATTTTAATTGTTCTTTCTTTGATCCATTAAGAGGTGGTGACTTATTATTATTTCAACATTTATTTTG
Otu059;ATCTCATGCTCCTTTATCCATTATAAACTATTCTTCTATTGATCTCATGTTTTTTTCTTTACACATTGTAGGATTAAGTAGTTTATTAGGATCTATTAACTCTACTGTTACTTTATTAAAGTCTACTAATCTATCTATTATTAATTCCTTTCTCTTTTTACCTCCATATTGTTGATCTATATTCTTTACTTCAGTGTTATTAATTATTAGTCTTCCTGTATTAGCAGGAGTAATTACAATGATTATTTCTGATCGACATTCTAACTGTTCTTTCCTTGATCCATTAAGAGGTGGTGACTTATTATTACCTCAACATTTACTTT
Otu060;ATCTCACGCTCCTTCACCAATTATTAACTATTCTTCTATTGATCCCATGTTCTTTTCTTTACACATTGTTGGATTAAGTAGTTTATTAGGATCTATTAACTCCATTGTTACTTTATTAAAATCTAGTAATCTTTCTATTATTAATTCCTTTCTGTTTTCACCGTCATATTGTTGATCTATATCCTTTACATCAGTATTATTAATTATTAGTCTCCCTGTATTAGCAGGAGTAATTACAATGATTATTTCTGATCGACATTCTAACTGTCCTTCTCTTGATCCATTAAGAGGTGGAGATTTATTATTACCCCAACATTTACCTT
Otu061;TTCTCATGCTCCATTACCAACTATAAATTATTCTTCTATTGATCTCATGTCTTTTCCTTTACACATTGTTGGATTAAGTAGTTTATTAGGATCTCTTAATTTTATTGTTACTTTATTAAAGTCTAGTAATCTATCTATAGTAAATTCTTTTTTATTTTTACCATTATATAGTTGATCTATATTTTTTACATCAGTTTTATTAATCATAAGTTTACCAGTTTTAGCAGGTGTAATTACTATGATTATTTTTGATAGACATTTTAATTGTTCTTTCTTTGATCCATTAAGAGGTGGTTACTTATTATTATTTCAACATTTATTTTG
Otu062;ATTTTATGTTCCATTATCAATTATAAACTATCCTCCTATTGATCCCATGTTTTCTTCTTTACATATTATTGGATTAAGTAGTTTATTAGGATCTATTAATTTTATTATAAGTTTATTAAAATCTAGTAATCCTTCTATTATTAATTCACTTCTATTTTTACCATTATATTGTTGATCTATATTCTCTACTAGTTTATTATCAATTATTAGTATTCCAGTATTAGCAGGTGTTATTCTAATGGTAATTTTTGATCGACATTTTAACTGTTCTTTTTTTGATCCAACACGAGGTGGAGATTTATTATTACCTCAACATTCACTTT
Otu063;ATTTCATGTTCCATTACCAATTATAAATTATTCTTCTATTGATCTCATGTTTTTTTCTTTACACATTGTTGGATTAAGTAGTTTATTAGGATCTATTAATTTTATTGTTACACTATTAAAATCTAGTAATCTTTCTATTATTAATTCTTGACTATTTTTACCTTTATATTGTTGATCTATATTCTTTACATCATTATTATTAATTATTAGTCTCCCTGTATTAGCAGGAGTAATTACAATGATTATTTTTGATAGACACTTTAATTGTTCTTTTTTGATCCATTAAGAGGTGGAGATTTATTATTATTTCAACATTTATTTT
Otu064;ATTTTATGTTCCATTATCAATTATAAATTATTCTTCTATTGATCTTATGTTTTTCTTTACACATTGTTGGATTAAGTAGTTTATTAGGATCTATTAATTTTATTGTTACTTTATTAAAATCTTCTAATCTTTCTATTATTAATTCATTTCTATTTTTACCTTTATATTGTTGATCTATATTCTTTACATCAGTCTTATTAATTATTAGTCTTCCTGTTCTAGCAGGAGTAATTACAATGATTATTTTTGATCGACATTTTAATTGTTCTTTTTTTGATCCATTAAGAGGTGGAGATTTATTATTACTTCAACATTTATTTT
Otu065;TTCTTATGCTTTATTATTCATTATAAATTATTCTTCTATTGATCTTATGTTCCTTTCTTTACACATTGTTGGACTAAGTAGTTTATTAGGATCTATTAATTCTATTGTTACTTTATTAAAATCTAGTAATCTTTCTATTATTAATTCCTTTCTGTTTTTACTTCTATATTGTTGATTTATATTCTTTACATCAGTCTTATTAATCATTAGTCTTCTTGTATCAGCAGGAGTAATTACAATGATTATTTCTGATCGACATTCTAATCGTCTTTCTCTTGATTTATTAAGAGGTGGAGATTTATTATTACCTCAACATTTACCTT
Otu066;TTTTTATGTACCTCTTTCTATAATGAATTATTCTTCTGTGGATTTAATGTTTTTCTCTTTACATTTAGCTGGATTAAGTTCTTTATTAGGTGCGATTAATTTTATCGTTACTTTATTAAAGGCTTGTAATCTTTCCATATTATATTCTTCTTTATTCTTACCTTTATTTCATTGATCTCTCTTTTTTACTTCTATTTTATTAATTATTTCTTTACCGGTGTTGGCTGGATGTATTACCATGATTATTTTTGATCGACATTTTAATTCTTCATTCTTCGATCCGTTAAGAGGAGGTGATCTTTTACTTTTTCAACATCTTTTTT
Otu067;ATCTCATGCTCCATTACCAATTATAAATTATTCTTCTATTGATCTCATGTTTTTTCCTTCACACATTGTTAGATTAAGTAGTTTATTAGGATCTATTAATTCTATTGTTACTTTATTAAAATCTAGTAATCTTTCTATTATTAATTGCTTTTTATTTTTACCTTTATATTGTTGATCTATATTCTTTACACCAGTATTATTAATTATTAGTCTCCCTGTATTAGCAGGAGTAATTACAATGATTATTTCTGATCGACATTCTAACTGTCCTTCTCTTGATCCATTAAGAGGTGGAGATTTATTATTACCCCAACATTTACCTT
Otu068;ATCTCATGCTCCATTACCAATTATAAATTATTCTTCTATTGATCTCATGTTTTTTCCTTCACACATTGTTAGATTAAGTAGTTTATTAGGATCTATTAATTCTATTGTTACTTTATTAAAATCTAGTAATCTTTCTATTATTAATTCCTTTCTGTTTTCACCGTCATATTGTTGATCTATATTCTTTACATCAGTATTATTAATTATTAGTCTCCCTGTATTAGCAGGAGTAATTACAATGATTATTTCTGATCGACATTCTAACTGTCCTTCTCTTGATCCATTAAGAGGTGGAGATTTATTATTACCCCAACATTTACCTT
Otu069;ATTTCATGTACCACCAAGTATTATTAATTCTTCATCGATTGATTTAATGTTCTTCTTTACATTTAGTTGGATTAAGTTCTTTATTAGGACCAATTAATCTTACTGTTACTATATTAAAAGCAACATCATTTGCAATTTTGCAGTCTGCATTATCTATACCTTCATTTCCACGAAGTATATTTTTTACCTCGATTTCATTATTAATACCTCTTCCTGTATTAGCTGGACGTATAACTACGATTACATCTGATAGACATTGTAATACTAGCTTTCTTGATCCATTAAGAGGAGGAGATTTAATTTCACCTCAACATTCATTTT
Otu070;ATCTCACGCTCCTTCACCAATTATTAACTATTCTTCTATTGATCCCATGTTCTTTTCTTTACACATTGTTGGATTAAGTAGTTTATTAGGATCTATTAACTCCATTGTTACTTTATTAAAATCTAGTAATCTTTCTATTATTAATTGCTTTTTATTTTTACCTTTATATTGTTGATCTATATTCTTTACACCAGTATTATTAATTATTAGTCTTCCTGTATCAGCAGGAGTAATTACAATGATTATTTCTGATAGACACTCTAATCGTCCTTCTCTTGATCCATCAAGAGGTGGAGATTTATTATCACCTCAACATTTACCTT
Otu071;ATCTCATGCTCCTTTATCCATTATAAATTACTCATCTATTGATCTTATGTTTTTTTCTTTACACATTGTAGGATTAAGTAGTTTATTAGGATCTATTAACTTTATTATTACTTTATTAAAGTCTACTAATCTATCTATTATTAATTCCTTTCTATTTTTATCTCTTTATTGTTGATCTATATTCTTTACCTCAGTGTTATTAATTATTAGTCTTCCTGTATTAGCAGGAGTAATTACAATGATTATTTCTGATCGACATTCTAACTGTTCTTTTCTTGATCCATTAAGAGGTGGTGATTTATTATTACCTCAACATTACCTT
Otu072;ATCTCACGCTCCTTCACCAATTATTAACTATTCTTCTATTGATCCCATGTTCTTTTCTTTACACATTGTTGGATTAAGTAGTTTATTAGGATCTATTAACTCCATTGTTACTTTATTAAAACCTAGTAATCTTTCTATTATTAATTCCTTTCTGTTTTCACCGTCATATTGTTGATCTATATTCTTTACATCAGTATTATTAATTATTAGTCTCCCTGTATTAGCAGGAGTAATTACAATGATTATTTCTGATCGACATTCTAACTGTCCTTCTCTTGATCCATTAAGAGGTGGAGATTTATTATTACCCCAACATTTACCTT
Otu073;ATCTCATGCTCCTCTATCCTTTATTAATTACTCATCTATTGATCTTATGTTTTTTTCCTTACACATTGTAGGATTAAGTAGTTTATTAGGATCTATTAACTTTATTATTACTTTATTAAAGTCTACTAATCTATCTATTATTAATTCCTTTCTATTTTTATCTCTATATTGTTGATCTATATTCTTTAGTTGCAGTTGGTGCAACCATCACTATTTCTACTATTCTTTACTTCAGTCTTACTAATTATTAGTCTTCCTGTATTAGCAGGAGTAATTACAATGATTATTTCTGATCGACATTCTAACTGTTCTTTTCTTG
Otu074;TTCTCATGCTCCATTATCAATTATTAATTATTCATCTATTGATCTCATGTCTTTTCCTTTACATATTGTTGGATTAAGTAGTTTATTAGGATCTATTAATCTCATTGTTACTTTATTAAAATCTAGTAATATCGCTATTATTAATTTATTTCTATTTTTACCTCCATATCGTCGATCTATATTCTTTACATCAGTCTTATTAATTATTAGTCCTCCTGTATCAGCAGGTGTAGTTACAATGATTATTTCTGATCGACATTTTAATCGTCCTTCTCTTGATCCAATTAGAGGTGGTGATTTATTATTACCTCAACATTTATCTT
Otu075;ATCTCATGCTCCATCATCAATTATAAACTATTCTTCTATTGATCTCATGTTTTTTTCTTTACACATTGTTGGATTAAGTAGTTTATTAGGATCTATTAATTCTATTGTTGCTTTATTAAAATCTAGTAATCTTTCTATTATTAATTCCTTTCTGTTTTTACCTCCATATTGTTGATCTATATTCTTTACATCAGTATTATTAATTATTAGTCCTTCTGTATCAGCAGGAGTAATTACAATGATTATTTCTGATCGACATTCTAATCGTCCTTCTCTTGATCCATTAAGAGGTGGAGATTTATTATTACCTCAACATTTACCTT
Otu076;ATCTTACGTTCTTCCATTGATTATAAATTATTCTTCTATTGATCTTATGTTTTTTTCTTCACACATTGTTAGATTAAGTAGTCTATTAGGATCTATTAATTCTATTGTTACTTTACTAAAGTCTTCTAATCTTTCTATTATTAATTCATTTCTATTTTTACCTTTATATTGTCGATCTATATTCTTTACATCAGTCTTATTAGTCATTAGTCCTCTTGTTTTAGCAGGAGTAATTACAACGATTATTTCTGATTGACATTCTAATTGTCTTTCTTTTGATCCATTAAGAGGTGGAGATTTATTATTACCTCAACATTTACCTT
Otu077;ATCTCACGCTCCTCTATCAATTATTAACTATTCTAGTATTGATCTCATGTTCTTCAGTCTTCATATTGTTGGATTAAGTAGTTTATTAGGATCTATTAACTCCATTGTTACCTTATTAAAATCTAGTAATCTTTCTATAATTAACTCCTTTATGTATTTACCTTTATACTGTTGATCTATGTTCTTTACATCAGTATTATTAATTATTAGTCTCCCTGTATTAGCTGGAGTTATTACAATGATTATTTCTGATCGACATTCTAACTGTCCTTCTCTTGATCCATTAAGAGGTGGAGATTTATTATTACCTCAACACTTATCTG
Otu078;TATTTACCCTCCCCTAAGATTACTAGTTTATCAAAGAGGTTCTTCAGTAGATTTAGCAATTTTTAGTTTACATTTAGCAGGGGTAAGTTCAATCTTAGGAGGTATTAATTTTATAACAAGAATTTTTAACTTACGGGCTTCTTTTATAAAATTAGAACAAATACCTCTTTTTGTTTGAAGATTATTAATTACTGTTTTTCTTTTAGTTTTTACTTTACCTGTTCTAGCTGGAAGAATTACAATACTTTTAACGGATCGAAATTTTAATACTTCTTTTTATTCTCCTAGAGGAGGAGGTGACCCTATTTTATTTGAACATCTTTTTT
Otu079;ATTTCATGTACCACCAAGTATTATTAATTCTTCATCCATTGATTTAATGTTCTCCTTTACATTTAGTTGGATTAAGTTCTTTATTAGGACCAATTAATCTTACTGTTACTATATTAAAAGCAACGTCATTTGCAATTTTGCAGTCTGCATTATCTATACCATCATTTCCACGAAGTATATTCTTTACCCCGATTTCATTATTAATACCCCTTCCTGTATTAGCTGGACGTATTACTACGATTACATCTGATAGACATTCTAATACCAGCTTTCTTGATCCATTAAGAGGAGGAGATTTAATTTCACCTCAACATTCATTTT
Otu080;ATTTCATGTACCACCAAGTATTATTAATTCTTCATCCATTGATTTAATGTTCTCCTTTACATTTAGTTGGATTAAGTTCTTTATTAGGACCAATTAATCTTACTGTTACTATATTGAAAGCAACATCATTTGCAATTTTGCAGTCTGCATTATCTATACCATCATTTCCACGAAGTATATTCTTTACCCCGATTTCATTATTAATACCCCTTCCTGTATTAGCTGGACGTATTACTACGATTACATCTGATAGACATTCTAATACCAGCTTTCTTGATCCATTAAGAGGAGGAGATTTAATTTCACCTCAACATTCATTTT
Otu081;TTCTTATGCTCCATTATCCATTATAAATTATTCTTCTATTGATCTTATGTTCCTTTCTTTACACATTGTTGGACTAAGTAGTTTATTAGGATCTATTAATTCTATTGTTACTTTATTAAAATCTATTAATCTTTCTATTATTAATTCCTTTCTGTTTTTACCTCTATATTGTTGATCTATATTCTTTACATCAGTCTTATTAATTATTAGTCTTCCTGTATCAGCAGGAGTAATTACAATGATTATTTCTGATCGACATTCTAATCGTCCTTCTCTTGATCCATTAAGAGGTGGAGATTTATTATTACCTCAACATTTACCTT
Otu082;ATCTCATGCTCCTTTATCCATTATAAACTATTCTTCTATTGATCTGATGTTTTTTTCTTTACACATTGTAGGATTAAGTAGTTTATTAGGATCTATTAACTCTATTGTTACTTTATTAAAATCTACCAATCTATCTATTATTAATTCCTTTCTGTTTTTACCTCTATATTGTTGATCTATATTCTTTACTTCAGTGTTATTAATTATTAGTCTTCCTGTATTAGCAGGAGTAATTACAATGATTATTTCTGATCGACATTCTAACTGTCCTTTTCTTGATCCATTAAGAGGTGGTGATTTATTATTACCTCAGCATTACTTT
Otu083;TTCTTATGCTCCATTATCCATTATAAATTATTCTTCTATTGATCTTATGTTCCTTTCTTTACACATTGTTGGACTAAGTAGTTTATTAGGATCTATTAATTCTATTGTTACTTTATTAAAATCTAGTAATCTTTCTATTATTAATTCCTTTCTGTTTTTACCTCTATATTGTTGATCTATATTCTTTACATCAGTCTTATTAATTATTAGTCTTCCTGTATCAGCAGGAGTAATTACAATGATTATTTCTGATCGACATTCTAATCGTCCTTCTCTTGATCCATTAAGAGGTGGAGATTTATTATTACTTCAACATTTACCTT
Otu084;ATTTTATGTACCTCTTTCAATAATAGAATATAATAATATTAATTTATTAATATTTTCTTTACATTTAGCAGGATTATCTTCTTTATTAGGTTCTATTAATTTTATTATAACTTTAATAATTAATTATAATAATCAAAAATCATTATTTTTATTAAGTATATTTTTTACATCAATTTTATTAATTATTTCTTTACCTGTATTAGCTAGTTGTATTACAATGATAATATTTGATAGACATTTTAATACTTGTTTTTTTGATATATTACGAGGTGGTAATATTTTATTATTTCAACATTTATTTT
Otu085;TTCTTATGCTCCATCACCCATTATAAATTATTCTTCTATTGATCTTATGTTCCTTTCTTTACATATTGTTGGACTAAGTAGTTTATTAGGATCTATTAATTCTATTGTTACTTTATTAAAATCTTCTAATCTTTCTATTATTAATTCCTTTCTGTTTTTACCTCTATATTGTTGATCTATATTCTTTACATCAGTCTTATTAATTATTAGTCTTCCTGTATCAGCAGGAGTAATTACAATGATTATTTCTGATCGACATTCTAATCGTCCTTCTCTTGATCCATTAAGAGGTGGAGATTTATTATTACCTCAACATTTACCTT
Otu086;ATTTCATGTACCACCAAGTATTATTAATTCTTCATCCACTGATTTAATGTTCCCCTTCACATTTAGTTGGATTAAGTTCCTTATTAGGACCAATTAATCTTACTGTTACTATATTAAAAGCAACATGATTTGCAATTTTGCAGTCTGCATTATCTATACCATCATTTCCACGAAGTATATTTTTTACCCCGATTTCATTATTAATACCTCTTCCTGTATTAGCTGGACGTATTACTACGATTACATCTGATAGACACTCTAATACCAGCTTTCTTGATCCATTAAGAGGAGGAGATTTAATTTCACCTCAACATTCATTTT
Otu087;TTCTTATGCTCCATCATCCATTATAAATTATTCTTCTATTGATCTTATGTTCCTTTCTTTACACATTGTTGGACTAAGTAGTTTATTAGGATCTATTAATTCTATTGTTACTTTATTAAAATCTAGTAATCTTTCTATTATTAATTCCTTTCTGTCTTTACCTCTATATTGTCGATCTATATTCTTTACATCAGTCTTATTAATTATTAGTCTTCCTGTATCAGCAGGAGTAATTACAATGATTATTTCCGATCGACATTCTAATCGTCCTTCTCTTGATCCATTAAGAGGTGGCGATTTATTATTACCTCAACATTTACCTT
Otu088;TTCTTATGCTCCATTATCCATTATAAATTATTCTTCTATTGATCTTATGTTCCTTTCTTTACACATTGTTGGACTAAGTAGTTTATTAGGATCTATTAATTCTATTGTTACTTTATTAAAATCTAGTAATCTTTCTATTATTAATTCCTTTCTGTTTTTACCTCTATATTGTTGATCTATATTCTTTACATCAGTCTTATTAATTATTAGTCTTCCTGTATCACCAGGAGTAATTACAATGATTATTTCTGATCGACATTCTAATCGTCCTTCTCTTGATCCATTAAGAGGTGGAGATTTATTATTACCTCAACATTTACCTT
Otu089;ATCTCATGCTCCATTATCAATTATAAACTATTCTTCTATTGATCTAATGTTTTTTTCTTTACACATTGTTGGATTAAGTAGTTTATTAGGATCTATTAATTCTATTGTTACTTTATTAAAATCTAGTAATCTTTCTATTATTAATTCTTTTCTGTTTTTACCTCTGTATTGTTGATTTATATTCTTTACATCAGTCTTATTAATTATTAGTCTTCCTGTATCAGCAGGAGTAATTACAATGATTATTTCTGATTGACATTCTAATCGTCCTTCTCTTGATCCATTAAGAGGTGGAGATTTATTATTACCTCAACATTTACCTT
Otu090;ATCTCATGCTCCTTTATCCATTATAAATTACTCATCTATTGATCTTATGTTTTTTTCTCTTCACATTGTAGGATTAAGTAGTTTATTAGGATCTATTAACTTTATTATTACTTTATTTAAGTCTACTAATCTATCTATTATTAATTCCTTTCTATTTTTATCTCTTTATTGTTGATCTATATTCTTTACCTCTTTACTATTAATTATTAGTCTTCCTGTATTAGCAGGAGTAATTACAATGATTATTTCTGATCGACATTCTAACTGTTCTTTTCTTGATCCATTAAGAGGTGGTGATTTATTATTACCTCAACATTACCTT
Otu091;ATTTTACGTACCACCAAGTATTATTAATTCTTCATCTATTGATTTAATGTTCTCCTTTACATATAGTTGGATTAAGTCCTTTATTAGGATCAATTAATTTTATTGTTACTATTGTAAAAGCAACATCACTTTCAATTTTACAGTCTGCATTATTTATTCCATTATTTCCACGAAGTATATTTTTTACTCCCACTCCATTATTAATTCCCCTTCCTGTATTGGCTGGACGTATTACTACGATAACATCTGATAGACATTCCAATACCAGCTCCCTCGATCCATTAAGAGGAGGAGATTTAATTTCACCTCAACATTTATTTT
Otu092;ATTTTACGTACCACCAAGTATTATTAATTCTTCATCTATTGATTTAATGTTCTCCTTTACATATAGTTGGATTAAGTCCTTTATTAGGATCAATTAATCTTATTGTTACTATTGTAAAAGCAACATCACTTTCAATTTTACAGTCTGCATTATTTATTCCATTATTTCCACGAAGTATATTTTTTACTCCATTTTTATTAATAATACCTCTTCCTGTATTAGCTGGACGTATTACTATGATTACATTTGATAGACATTCTAATACCAGCTTCTTTGATCCATTACGAGGAGGAGAATTAATTTCACCCCAACATTTATTTT
Otu093;ATTTTATGTTCCTCTTTCAATATTTAATTATCATTCTATTGATTTATTTATTTTTTCATTACATACTATTGGATTTAGTTCTTTTGTTAGTTCAATTAATTTTATTACTACTATATTTAAGTCTTCTAATTTATCGGTTTTTTATGATTGTTTATTTATTCCTTTATTTTCATGAACTATTTTTTGTACATCATTATTACTTATTATTTCATTACCAGTACTTGCAGTTAGTATTACAATGATTATATTTGATAGACATCTTAATAGTGGATTCTTTGATACATTAAAAGGAGGTGATATTTTATTATTCCAACACTTATTTT
Otu094;ATCTCATGCTCCATCATCAATTATAAACTATTCTTCTATTGATCTCATGTTTTTTTCTTTACACATTGTTGGATTAAGTAGTTTATTAGGATCTATTAATTCTATTGTTACTTTATTAAAATCTAGTAATCTTTCTATTATTAATTCCTTTCTGTTTTTACCTCCATATTGTTGATCTATATTCTTTACATCAGTATTATTAATTATTAGTCCTCCTGTATCAGCAGGAGTAATTACAATGATTATTTCTGATCGACATTCTAATCGTCCTTCTCTTGATCCATTAAGAGGTGGAGATTTATTATTACCTCAACATTACCTT
Otu095;ATCTCATGCTCCATTATCAATTATAAACTATTCTTCTATTGATCTAATGTTTTTTTCTTTACACATTGTTGGATTAAGTAGTTTATTAGGATCTATTAATTCTATTGTTACTTTATTAAAATCTACTAATCTTTCTATTATTAATTCCTTTCTGTTTTTACCTCCATATTGTTGATCTATATTCTTTACATCAGTATTATTAATTATTAGTCTTCCTGTATCAGCAGGAGTAATTACAATGATTATTTCTGATTGACATTCTAATCGTCCTTCTCTTGATCCATTAAGAGGTGGAGATTTATTATTACCTCAACATTTACCTT
Otu096;ATCTCATGCTCCTTTATCCATTATAAATTACTCATCTATTGATCTTATGTTTTTTTCTTTACACATTGTAGGATTAAGTAGTTTATTAGGATCTATTAACTTTATTATTACTTTATTAAAGTCTACTAATCTATCTATTATTAATTCCTTTCTATTTTTATCTCTATATTGTTGATCTATATTCTTTACCTCTGTCTTATTAATTATTAGTCTTCCTGTATTAGCAGGAGTAATTACAATGATTATTTCTGATCGACATTCTAACTGTTCTTTTCTTGATCCATTAAGAGGTGGTGATTTATTATTACCTCAACATTACCTT
Otu097;ATCTCATGCTCCTTTATCCATTATAAACTATTCTTCTATTGATCTCATGTTTTTTTCTTTACACATTGTAGGATTAAGTAGTTTATTAGGATCTATTAACTCTATTGTTACTTTATTAAAATCTACTAATCTATCTATTATTAATTCCTTTCTGTTTTTACCTCCATATTGTTGATCTATATTCTTTACTTCAGTGTTATTAATTATTAGTCTTCCTGTATTAGCAGGAGTAATTACAATGATTATTTCTGATCGACATTCTAACTGTTCTTTCCTTGATCCATTAAGAGGTGGTGATTTATTATTACCTCAACATTACTTT
Otu098;TGGAAAATAACAACTGATTATGGTTCAGAATGGATCCCCCTTGGTATCAGATCATTGTCATCCATTTCAGATGTGATCTCTGTGTACTGAAGTTTTTGTTTGGATGCAATCAAATATTCTTACTCCAACAGATTTAGCAAGAGATTTAGCAAGAGATACATGAACATGTTGAAGTGCAACAAGTACACTGAATGGAGTACACAAGTACACTGATCAGAGCTGATTAGATGTGATTGAACTGGACAATAACAACTAATTATGGATCAGAATGGATCCCGCTTGATATTAGATCATTGTCATTCATTTCGGATGT
Otu099;TGGACAATAACAACTAATTATGGATTAGAATGGATCCCCCTTGGTATTAGATCATTGTCATTTATTTCGGATGTGATCTCTGTAAACTGAAGTTTCTGTTTGGATGCAATCAAATATTCTTACTCCAATAGATTTAGCAAGAGATACATGAACATGTTGAAGTGCAACAAGTATACTGATTGGAGTACACAAGTACACTGATCGGAGCTGATTAGATGTGATTGATCTGGAAAACAACAACTGATTATGGTTCAGAATGGATCCCCCTTGGTATTAGATCATTGTCATCCATTTTGGATGT
Otu100;ATCTCATGCTCCATTATCAATTATAAACTATTCTTCTATTGATCTAATGTTTTTTTCTTTACACATTGTTGGATTAAGTAGTTTATTAGGATCTATTAATTCTATTGTTACTTTATTAAAATCTACTAATCTTTCTATTATTAATTCCTTTCTGTTTTTACCTCCATATTGTTGATCTATATTCTTTACATCAGTATTATTAATTATTAGTCTCCCTGTATTAGCTGGAGTTATTACAATGATTATTTCTGATCGACATTCTAACTGTCCTTCTCTTGATCCATTAAGAGGTGGAGATTTATTATTACCTCAACACTTATCTT
Otu101;ATTTTATGTTCCATTATCAATTATAAATTATTCTTCTATTGATCTTATGTTTTTCTTTACACATTGTTGGATTAAGTAGTTTATTAGGATCTATTAATTTTATTGTTACTTTATTAAAATCTTCTAATCTTTCTATTATTAATTCATTTCTATTTTTACCTTTATATTGTTGATCTATATTCTTTACATCAGTCTTATTAATTATTAGTCTTCCTGTTCTAGCAGGAGTAATTACAATGATTATTTTTGATCGACATTTTAATTGTTCTTTTTTTGATCCATTAAGAGGTGGAGATTTATTATTATTTCAACATTTATTTT
Otu102;TTCTTATGCTCCATCATCCATTATAAATTATTCTTCTATTGATCTTATGTTCCTTTCTTTACACATTGTTGGACTAAGTAGTTTATTAGGATCTATTAATTCTATTGTTACTTTATTAAAATCTAGTAATCTTTCTATTATTAATTCCTTTCTGTTTTTACCTCTATATTGTCGATCTATATTCTTTACATCAGTCTTATTAATTATTAGTCTTCCTGTATCAGCAGGAGTAATTACAATGATTATTTCTGATCGACATTCTAATTGTTCTTCTCTTGATCCATGTAGAGGTGGAGATTTATTATTACCTCAACATTTACCTT
Otu103;TTCTCATGTTCCTCTATCAATTATAAATTATTCTTCTATTGATCTTATGTTCTTTTCTTTACACATTGTTGGACTAAGTAGTTTATTAGGATCTATTAATTCTATTGTTACTTTATTAAAATCTACTAATCTTTCTATTATTAATTCCTTTCTGTTTTTACCTCCATATTGTTGATCTATATTCTTTACATCAGTATTATTAATTATTAGTCCTCCTGTATTAGCAGGAGTAATTACAATGATTATTTCTGATCGACATTCTAATCGTCCTTCTCTTGATCCATTAAGAGGTGGAGATTTATTATTACCTCAACATTTACCTT
Otu104;TTTTTATGTGTCGTCATTATTTATTAATTCAAGTGCTGTTGATCTTCTATTTTCTACTTTACATTTAGCAGGATTATCATTGATAATTGGATCTATTAATTTTTTGATTATTATTATATCTCGTCAATCATTTAATATAATATTGGATTGATATTTTTATTATATATCATTATCTTTACATATTTGATCGATTATTATTACCTTTATTTTATTATTATTATCATTACCTGTTTTAGCAGCTGCAATAATAACGATTTTATTAGATAGATATTATAATTCATGTTTTTTTATACTTATTTTTGGTGGTG
Otu105;TGGAAAATAACAACTGATTATGGATCAGAATGGATCCCCCTTGATATATTAGATCATTGTCATCCATTTTGGATGTGATCTCTGTACACTGAAGTTTCTGTTTGGATGCAATCAAATATTCTTACTCCAACAGATTTCGCAAGAGATTTTGCAAGAGATACATGAACATGTTGAAGTGCAACAAGTACACTGATTGGAGTACAAAAGTACACTGATCGGAGCTGATTGAACTGGACAATAATAACTAATTATGGATCAGAATGGATCCCCCTCGATATTAGATCATTGTCATCCATTTCGGACAT
Otu106;TTCTCATGTTCCTCTATCAATTATAAATTATTCTTCTATTGATCTTATGTTCTTTTCTTTACACATTGTTGGACTAAGTAGTTTATTAGGATCTATTAATTCTATTGTTACTTTATTAAAATCTAGTAATCTTTCTATTATTAATTCCTTTCTGTTTTTACCTCCATATTGTTGATCTATATTCTTTACATCAGTATTATTAATTATTAGTCCTCCTGTATTAGCAGGAGTAATTACAATGATTATTTCTGATCGACATTCTAATCGTCCTTCTCTTGATCCATTAAGAGGTGGAGATTTATTATTACCTCAACATTTACCTT
Otu107;TTCTTATGCTTTATTATTCATTATAAATTATTCTTCTATTGATCTTATGTTCCTTTCTTTACACATTGTTGGACTAAGTAGTTTATTAGGATCTATTAATTCTATTGTTACTTTATTAAAATCTAGTAATCTTTCTATTATTAATTCCTTTCTGTTTTTACCTCTATATTGTTGATCTATATTCTTTACATCAGTCTTATTAATTATTAGTCTTCCTGTATCAGCAGGAGTAATTACAATGATTATTTCTGATCGACATTCTAATCGTCCTTCTCTTGATCCATTAAGAGGTGGAGATTTATTATTACCTCAACATTTACCTT
Otu108;TTCTTATGCTCCATTATCCATTATAAATTATTCTTCTATTGATCTTATGTTCCTTTCTTTACACATTGTTGGACTAAGTAGTTTATTAGGATCTATTAATTCTATTGTTACTTTATTAAAATCTAGTAATCTTTCTATTATTAATTCCTTTCTGTTTTTACTTCTATATTGTTGATTTATATTCTTTACATCAGTCTTATTAATCATTAGTCTTCTTGTATCAGCAGGAGTAATTACAATGATTATTTCTGATCGACATTCTAATCGTCTTTCTCTTGATTTATTAAGAGGTGGAGATTTATTATTACCTCAACATTTACCTT
Otu109;TTCTTATGCTCCATTATCCATTATAAATTATTCTTCTATTGATCTTATGTTCCTTTCTTTACACATTGTTGGACTAAGTAGTTTATTAGGATCTATTAATTCTATTGTTACTTTATTAAAATCTAGTAATCTTTCTATTATTAATTCCTTTCTGTTTTTACCTCTATACTGTTGATCTATATTCTTTACATCAGTCTTATTAATTATTAGTCTCCCTGTATTAGCAGGAGTAATTACAATGATTATTTCTGATCGACATTCTAACTGTCCTTCTCTTGATCCATTAAGAGGTGGAGATTTATTATTACCTCAACATTTACCTT
Otu110;TTCTTATGCTCCATTATCCATTATAAATTATTCTTCTATTGATCTTATGTTCCTTTCTTTACACATTGTTGGACTAAGTAGTTTATTAGGATCTATTAATTCTATTGTTACTTTATTAAAATCTAGTAATCTTTCTATTATTAATTCCTTTCTGTTTTTACCTCTATATTGTTGATCTATATTCTTTACATCAGTCTTATTAATTATTAGTCTCCCTGTATTAGCAGGAGTAATTACAATGATTATTTCTGATCGACATTCTAACTGTCCTTCTCTTGATCCATTAAGAGGTGGAGATTTATTATTACCTCAACATTTACCTT
Otu111;ATCTCATGCTCCTCTATCCTTTATTAATTACTCATCTATTGATCTTATGTTTTTTTCCTTACACATTGTAGGATTAAGTAGTTTATTAGGATCTATTAACTTTATTATTACTTTATTAAAGTCTACTAATCTATCTATTATTAATTCCTTTCTATTTTTATCTCTATATTGTTGATCTATATTCTTTAGTTGCAGTTGGTGCAACCATCACTATTTCTCCTATTCTTTACTTCAGTCTTACTAATTATTAGTCTTCCTGTATTAGCAGGAGTAATTACAATGATTATTTCTGATCGACATTCTAACTGTTCTTTTCTTG
Otu112;ATTTTATGTTCCATTGTCAATTATAAACTATTCTTCTATTGATGTAATGTTTTTTTCTTTACACATTGTTGGATTAAGTAGTTTATTAGGATCAATTAACTTTATAATTACTTTATTAAAATCTAGTAATCTTTCTATTATTAATTCCTTTCTGTTTTTACCTCTATATTGTCGATCTATATTCTTTACATCAGTCTTATTAATTATTAGTCTTCCTGTATCAGCAGGAGTAATTACAATGATTATTTCTGATCGACATTCTAATCGTCCTTCTCTTGATCCATTAAGAGGTGGCGATTTATTATTACCTCAACATTTACCTT
Otu113;ATTTTATGTACCTTTACCTATTATTAATTATTCTTCTATTGATATAATGTTTTTTTCATTACATATTGTTGGATTAAGTAGTTTATTAGGATCTATTAATTTTATTATTACTTTATTTAAATCATGTAATTTTTCAATTATTAATTCATTATTATTTATATCATTATATTGTTGATCAATATTCTTTACATCAATTTCATTAATTATTAGTCTTCCTATATTAGCAGGAGTAATAACAATGATTATTTTTGATAGACATTTTAATTGTCCTCTTTTTGATCCATTAAGAGGTGGAGATCTTCCATTACTTCAACATTTATTTT
Otu114;ATCTCATGCTCCTTTATCCATTATAAACTATTCTTCTATTGATCTGATGTTTTTTTCTTTACACATTGTAGGATTAAGTAGTTTATTAGGATCTATTAACTCTATTGTTACTTTATTAAAATCTACCAATCTATCTATTATTAATTCCTTTCTGTTTTTACCTCTATATTGTTGATCTATATTCTTTACTTCAGTTCTATTAATTATTAGTCTTCCTGTATTAGCAGGAGTAATTACAATGATTATTTCTGATCGACATTCTAACTGTCCTTTTCTTGATCCATTAAGAGGTGGTGATTTATTATTACCTCAGCATTACTTT
Otu115;ATCTCATGCTCCTTTATCCATTATAAACTATTCTTCTATTGATCTCATGTTTTTTTCTTTACACATTGTAGGATTAAGTAGTTTATTAGGATCTATTAACTCTATTGTTACTTTATTAAAGTCTACTAATCTATCTATTATTAATTCCTTTCTCTTTTTACCTCCATATTGTTGATCTATATTCTTTACTTCAGTGTTATTAATTATTAGTCTTCCTGTATTAGCAGGAGTAATTACAATGATTATTTCTGATCGACATTCTAACTGTTCTTTCCTTGATCCATTAAGAGGTGGTGATTTATTATTACCTCAACATTACTTT
Otu116;TTCTCATGTTCCTCTATCAATTATAAATTATTCTTCTATTGATCTTATGTTCTTTTCTTTACACATTGTTGGACTAAGTAGTTTATTAGGATCTATTAACTCCATTGTTACCTTATTAAAATCTAGTAATCTTTCTATTATTAATTCTTTTCTGTTTTTACCTCTGTATTGTTGATTTATATTCTTTACATCAGTCTTATTAATTATTAGTCTTCCTGTATCAGCAGGAGTAATTACAATGATTATTTCTGATTGACATTCTAATCGTCCTTCTCTTGATCCATTAAGAGGTGGAGATTTATTATTACCTCAACATTTACCTT
Otu117;ATCTCATGCTCCATTATCAATTATAAACTATTCTTCTATTGATCTAATGTTTTTTTCTTTACACATTGTTGGATTAAGTAGTTTATTAGGATCTATTAATTCTATTGTTACTTTATTAAAATCTACTAATCTTTCTATTATTAATTCCTTTCTGTTTTTACCTCCATATTGTTGATCTATATTCTTTACATCAGTCTTATTAATTATTAGTCTTCCTGTATCAGCAGGAGTAATTACAATGATTATTTCTGATTGACATTCTAATCGTCCTTCTCTTGATCCATTAAGAGGTGGAGATTTATTATTACCTCAACATTTACCTT
Otu118;TTCTCATGTTCCATCATCCATTATAAATTATTCTTCTATTGATCTTATGTTCCTTTTTTTACACATTGTTGGACTAAGTAGTTTATTAGGATCTATTAATTCTATTGTTACTTTATTAAAATCTAGTAATCTTTCTATTATTAATTCCTTTCTGTTTTTACTTCTATATTGTCGAGCTATATTCTTTACATCAGTCTTATTAATTATTAGTCCTCTTGTATCAGCAGGAGTAATTACAATGATTATTTCTGATCGACATTCTAATCGTCTTTCTCTTGATTTATTAAGAGGTGGCGATTTATTATTACCTTAACATTTACCTT
Otu119;ATCTCATGCTCCATTACCAATTATAAATTATTCTTCTATTGATCTCATGTTTTTTCCTTCACACATTGTTAGATTAAGTAGTTTATTAGGATCTATTAATTCTATTGTTACTTTATTAAAATCTAGTAATCTTTCTATTATTAATTGCTTTTTATTTTTACCTTTATATTGTTGATCTATATTCTTTACACCAGTATTATTAATTATTAGTCTCCCTGTATTAGCAGGAGTAATTACAATGATTATTTCTGATAGACACTCTAATCGTCCTTCTCTTGATCCATCAAGAGGTGGAGATTTATTATCACCTCAACATTTACCTT
Otu120;TTCTTATGCTCCATTATCCATTATAAATTATTCTTCTATTGATCTTATGTTCCTTTCTTTACACATTGTTGGACTAAGTAGTTTATTAGGATCTATTAATTCTATTGTTACTTTATTAAAATCTTCTAATCTTTCTATTATTAATTCCTTTCTGTTTTTACCTCTATATTGTTGATCTATATTCTTTACATCAGTCTTATTAATTATTAGTCTTCCTGTATCAGCAGGAGTAATTACAATGATTATTTCTGATCGACATTCTAATCGTCCTTCTCTTGATCCATTAAGAGGTGGAGATTTATTATTACTTCAACATTTACCTT
Otu121;TTCTTATGTTCCTCCACCTATTATGAATAGTTCTTCAATCGATTTCAAGTTTTTCCCTTTACATTTAGTTGGATTGTCTCCTTTATCAGGATCAATTAATTTTATTGTTACTTCATTAAAGGCATCTAGTCTTTCAGTTATTTCCATGTCATTATTCTTACCTTCATATCCTCGAAGTATCTTTTTTACTTCTTTTTCATTATCAATAACTCCTCCCGTACTAGCTGGACGTATTACGACGATTACTTATGACAGACGATTCAATCCGCCACCTTCCGATCCTTTAAGAGGAGGAGATCTTTTACTTCCTCAACATCCTTCTC
Otu122;ATCTCATGCTCCTTTATCAATTATAAACTATTCTTCTATTGATCTCATGTTTTTTTCTTTACACATTGTTGGATTAAGTAGTTTATTAGGATCTATTAACTCCATTGTTACTTTATTAAAATCTAGTAACTTATCTATTATTAATTCCTTTCTGTTTTTACCTCCATATTGTTGATCTATATTCTTTACATCAGTCTTATTAATTATTAGTCTCCCTGTATTAGCAGGAGTAATTACAATGATTATTTCTGATCGACATTCTAACTGTCCTTCTCTTGATCCATTAAGAGGTGGAGATTTATTATTACCCCAACATTTACCTT
Otu123;ATCTCATGCTCCTTTATCAATTATAAACTATTCTTCTATTGATCTTATGTTTTTTTCTTTACACATTGTTGGATTAAGTAGTTTATTAGGATCTATTAACTCCATTGTTACTTTATTAAAATCTAGTAATCTTTCTATTATTAATTCCTTTCTGTTTTTACCTCTATACTGTTGATCTATATTCTTTACATCAGTCTTATTAATTATTAGTCTTCCTGTATCAGCAGGAGTAATTACAATGATTATTTCTGATCGACATTCTAATCGTCCTTCTCTTGATCCATTAAGAGGTGGAGATTTATTATTACCTCAACATTTACCTT
Otu124;ATTTTACGTACCACCAAGTATTATTAATTCTTCATCTATTGATTTAATGTTCTCCGTTACATTTAGTTGGATTAAGTCCTTTATTAGGATCAATTAATCTTATTGTTACGATATTAAAAGCAACGTCGTTTTCAATTTTACAGTCTGCATTATTCATACCATTATTTCCACGAAGTATATTTTTTACCCCGATTTCATTATTAATACCTCCTCCTGTATTAGCTGGACGTATTACTACGATTACATCTGATAGACATTCTAATACCAGCTTTCTTGATCCATTAAGAGGAGGAGATTTAATTTCACCTCAACATTCATTTT
Otu125;ATTTTATGTTCCTCTTTCTTTTATTAATTATAATAGTATTGACATGATGTTTTTTAGTCTTCATATTATAGGATTATCATCTTTATTAGGATCTATTAATTTTATTGTTTCTTTATTAAAGTCATGTAATCTTTCAATATTATCTGCTTATTTAAATTTACCTTTATTTCCTTGATCAATATTTATTACTTCTTTATTATTAATTATTTCTCTTCCAGTATTAGCTGCATGTATTACGATGGTTATATTTGATAGACATTTTAATGGTTGTTTCTTTGATATTATAAGAGGAGGTGATGTATTATTATTTCAACATCTATTTT
Otu126;TGGACAATAACAACTAATTATGGATCAGAATGGATCTCCCTTGATATTAGATCATTGTCATCCATTTCGGACATGATCTCTGTACACTGAAGTTTCTGTTTGGATGCAATCAAATATTCTTACTCCAATAGATTTAGCAAGAGATACATGAACATGTTGAAGTGCAACAAGTATACTGATTGGAGTACACAAGTACACTGATCGGAGCTGATTAGATGTGATTGATCTGGAAAACAACAACTGATTATGGTTCAGAATGGATCCCCCTTGGTATTAGATCATTGTTATCCATTTTGGATGT
Otu127;TGGAAAATAACAACTGATTATGGATCAGAATGGATCCCCCTTGGTATTAGATCATTGTCATCCATTTCAGATGTGATCTCTGTATACTGAAGTTTCTGTTTGGATGCAATCAAATATTCTTACTCCAACAGATTTAGCAAGAGATTTAGCAATAGATAGATGAACATGTTGAAGTGCAACAAGTACACTGATCGGAGAACAGAAGTACACTGATCAGAGCTGATTGGATGTGATCGATCTGAAAAACAACAACTGAGTATGGATCAGAATGGATCCCCCTTGGTATCAGATCATTGTCATCCATTTCAGATGT
Otu128;ATCTCACGCTCCATTATCTATAATTAACTATTCTTCTATTGATCTTATGTTCTTTAGTTTACATATTATTGGATTAAGTAGTATATTAGGATCTATTAACCTCATTGTTACCTTATTAAAATCTAGTAATCTTAGCATCATTAATTCCTTTCTATTTTTACCTTCATATTGTTGATCTATATCCTTTACATCAGTATTATTAATTATTAGTCTTCCTGTATTAGCAGGAGTAATTACAATGATTATTTCTGATCGACATTCTAACTGTCCTTTTCTTGATCCATTAAGAGGTGGTGATTTATTATTACCTCAGCATTTACTTT
Otu129;ATTTCATGTACCTTTATCCATTATAAATTACTCATCTATTGATCTTATGTTTTTTTCTTTACACATTGTAGGATTAAGTAGTTTATTAGGATCTATTAACTTTATTATTACTTTATTAAAGTCTACTAATCTATCTATTATTAATTCCTTTCTATTTTTATCTCTTTATTGTTGATCTATATTCTTTACCTCAGTGTTATTAATTATTAGTCTTCCTGTATTAGCAGGAGTAATTACAATGATTATTTCTGATCGACATTCTAACTGTTCTTTTCCTGATCCATTAAGAGGTGGTGATTTATTATTACCTCAACATTTACCTT
Otu130;ATTTTATGTTCCATTGTCAATTATAAACTATTCTTCTATTGATGTAATGTTTTTTTCTTTACACATTGTTGGATTAAGTAGTTTATTAGGATCAATTAACTTTATAATTACTTTATTAAAATCTAGTAATCTTTCTATTATTAATTCCTTTCTGTTTTTACCTTTATATTGTTGAAGCATATTTTTCACATCAGTATTATTAATTATTAGTCTTCCTGTATCAGCAGGAGCAATTACAATGATTATTTCTGATCGACATTCTAATTGTTCTTCTCTTGATCCATGTAGAGGTGGAGATTTATTATTACCTCAACATTTACCTT
Otu131;ATCTCATGCTCCATTACCAATTATAAATTATTCTTCTATTGATCTCATGTTTTTTCCTTCACACATTGTTAGATTAAGTAGTTTATTAGGATCTATTAATTCTATTGTTACTTTATTAAAATCTAGTAATCTTTCTATTATTAATTGCTTTTTATTTTTACCTTTATATTGTTGATCTATATTCTTTACACCAGTATTATTAATTATTAGTCTTCCTGTATCAGCAGGAGTAATTACAATGATTATTTCTGATAGACACTCTAATCGTCCTTCTCTTGATCCATCAAGAGGTGGAGATTTATTATCACCTCAACATTACCTT
Otu132;TGGAAAATAAGAACTGATTATGGATCAGAATGGATCCCCCTTGGTATTAGATCATTGTCATCCATTTCAGATGTGATCTCTGTATACTGAAGTTTCTGTTTGGACGCAATCAAATATTCTTACTCCAACAGATTTAGCAAGAGATTTAGCAAGAGATACATGAACATGTTGAAGTGCAACAAGTACACTGATCGGAGAACACAAGTACACTGATCAGAGCTGATTAGATGTGATCGATCTGGAAAATAACAACTGAGTATGGATCAGAATGGATTCCCCTTGGTATCAGATCATTGTCATCCATTTCAGATGT
Otu133;ATCTCATGCTCCATTATCAATTATAAACTATTCTTCTATTGATCTAATGTTTTTTTCTTTACACATTGTTGGATTAAGTAGTTTATTAGGATCTATTAATTCTATTGTTACTTTATTAAAATCTACTAATCTTTCTATTATTAATTCCTTTCTGTTTTTACCTCCATATTGTTGATCTATATTCTTTACATCAGTATTATTAATTATTAGTCCTCCTGTATTAGCAGGAGTAATTACAATGATTATTTCTGATCGACATTCTAATCGTCCTTCTCTTGATCCATTAAGAGGTGGAGATTTATTATTACCTCAACACTTACCTT
